filename,score,quality_label,filepath,status
unsplash_pose_7mYMFtkjObs.jpg,96.01,excellent,unsplash_pose_dataset\unsplash_pose_7mYMFtkjObs.jpg,ok
unsplash_pose_l1LjCZhcrn8.jpg,95.54,excellent,unsplash_pose_dataset\unsplash_pose_l1LjCZhcrn8.jpg,ok
unsplash_pose_7rZI78EgBUc.jpg,92.93,excellent,unsplash_pose_dataset\unsplash_pose_7rZI78EgBUc.jpg,ok
unsplash_pose_nyA-t63X22c.jpg,91.74,excellent,unsplash_pose_dataset\unsplash_pose_nyA-t63X22c.jpg,ok
unsplash_pose_ke0Ts9N7l6I.jpg,91.53,excellent,unsplash_pose_dataset\unsplash_pose_ke0Ts9N7l6I.jpg,ok
unsplash_pose_7DdekhjoAl0.jpg,91.5,excellent,unsplash_pose_dataset\unsplash_pose_7DdekhjoAl0.jpg,ok
unsplash_pose_OlknUkex2CA.jpg,90.25,excellent,unsplash_pose_dataset\unsplash_pose_OlknUkex2CA.jpg,ok
unsplash_pose_R8BB9uDpVLc.jpg,89.19,excellent,unsplash_pose_dataset\unsplash_pose_R8BB9uDpVLc.jpg,ok
unsplash_pose_pj2LT1vSjaY.jpg,89.06,excellent,unsplash_pose_dataset\unsplash_pose_pj2LT1vSjaY.jpg,ok
unsplash_pose_PpLkFQk5is4.jpg,88.74,excellent,unsplash_pose_dataset\unsplash_pose_PpLkFQk5is4.jpg,ok
unsplash_pose_OTdceLl0TWw.jpg,88.72,excellent,unsplash_pose_dataset\unsplash_pose_OTdceLl0TWw.jpg,ok
unsplash_pose_98G1W52Q7f0.jpg,88.45,excellent,unsplash_pose_dataset\unsplash_pose_98G1W52Q7f0.jpg,ok
unsplash_pose_o1v2RwnVTxI.jpg,88.38,excellent,unsplash_pose_dataset\unsplash_pose_o1v2RwnVTxI.jpg,ok
unsplash_pose_JAXl0bI5P70.jpg,88.33,excellent,unsplash_pose_dataset\unsplash_pose_JAXl0bI5P70.jpg,ok
unsplash_pose_Q3xYu5EKpSE.jpg,88.2,excellent,unsplash_pose_dataset\unsplash_pose_Q3xYu5EKpSE.jpg,ok
unsplash_pose_YaMVnpW92Os.jpg,87.77,excellent,unsplash_pose_dataset\unsplash_pose_YaMVnpW92Os.jpg,ok
unsplash_pose_ikQms1GeDp8.jpg,87.73,excellent,unsplash_pose_dataset\unsplash_pose_ikQms1GeDp8.jpg,ok
unsplash_pose_RgZ14gbYdLA.jpg,87.6,excellent,unsplash_pose_dataset\unsplash_pose_RgZ14gbYdLA.jpg,ok
unsplash_pose_BONVzPnUyY4.jpg,87.55,excellent,unsplash_pose_dataset\unsplash_pose_BONVzPnUyY4.jpg,ok
unsplash_pose_UjZt-BWwM-M.jpg,87.52,excellent,unsplash_pose_dataset\unsplash_pose_UjZt-BWwM-M.jpg,ok
unsplash_pose_5HJ7Sl0QRtE.jpg,87.47,excellent,unsplash_pose_dataset\unsplash_pose_5HJ7Sl0QRtE.jpg,ok
unsplash_pose_eC_uhOmownM.jpg,87.4,excellent,unsplash_pose_dataset\unsplash_pose_eC_uhOmownM.jpg,ok
unsplash_pose_z6TagXYrOaU.jpg,87.37,excellent,unsplash_pose_dataset\unsplash_pose_z6TagXYrOaU.jpg,ok
unsplash_pose_Xnzk8PMqjKA.jpg,87.29,excellent,unsplash_pose_dataset\unsplash_pose_Xnzk8PMqjKA.jpg,ok
unsplash_pose_8GIvE_7VjIc.jpg,87.25,excellent,unsplash_pose_dataset\unsplash_pose_8GIvE_7VjIc.jpg,ok
unsplash_pose_rt59JCXzpcU.jpg,87.18,excellent,unsplash_pose_dataset\unsplash_pose_rt59JCXzpcU.jpg,ok
unsplash_pose_RqeNxbKWhZI.jpg,87.05,excellent,unsplash_pose_dataset\unsplash_pose_RqeNxbKWhZI.jpg,ok
unsplash_pose_mnOlw0ERRDg.jpg,87.04,excellent,unsplash_pose_dataset\unsplash_pose_mnOlw0ERRDg.jpg,ok
unsplash_pose_H5oxFwfUr6s.jpg,86.99,excellent,unsplash_pose_dataset\unsplash_pose_H5oxFwfUr6s.jpg,ok
unsplash_pose_fKszlW65LKE.jpg,86.87,excellent,unsplash_pose_dataset\unsplash_pose_fKszlW65LKE.jpg,ok
unsplash_pose_9dbd26SY6vI.jpg,86.81,excellent,unsplash_pose_dataset\unsplash_pose_9dbd26SY6vI.jpg,ok
unsplash_pose_BReSQo8qwjs.jpg,86.72,excellent,unsplash_pose_dataset\unsplash_pose_BReSQo8qwjs.jpg,ok
unsplash_pose_aTHs7ozqgNM.jpg,86.66,excellent,unsplash_pose_dataset\unsplash_pose_aTHs7ozqgNM.jpg,ok
unsplash_pose_UlckiiBORNc.jpg,86.66,excellent,unsplash_pose_dataset\unsplash_pose_UlckiiBORNc.jpg,ok
unsplash_pose_C1sDxiSsE-8.jpg,86.6,excellent,unsplash_pose_dataset\unsplash_pose_C1sDxiSsE-8.jpg,ok
unsplash_pose_wIGyzIHN7-U.jpg,86.59,excellent,unsplash_pose_dataset\unsplash_pose_wIGyzIHN7-U.jpg,ok
unsplash_pose_RNKoJeLIWrU.jpg,86.57,excellent,unsplash_pose_dataset\unsplash_pose_RNKoJeLIWrU.jpg,ok
unsplash_pose_seiWb-gzYAY.jpg,86.54,excellent,unsplash_pose_dataset\unsplash_pose_seiWb-gzYAY.jpg,ok
unsplash_pose_rMsF77XCx0U.jpg,86.53,excellent,unsplash_pose_dataset\unsplash_pose_rMsF77XCx0U.jpg,ok
unsplash_pose_HtnjwPpRJYk.jpg,86.47,excellent,unsplash_pose_dataset\unsplash_pose_HtnjwPpRJYk.jpg,ok
unsplash_pose_3P9XPYKZWIM.jpg,86.4,excellent,unsplash_pose_dataset\unsplash_pose_3P9XPYKZWIM.jpg,ok
unsplash_pose_7OaNxcZBZlc.jpg,86.34,excellent,unsplash_pose_dataset\unsplash_pose_7OaNxcZBZlc.jpg,ok
unsplash_pose_sN4tEHzC4lQ.jpg,86.17,excellent,unsplash_pose_dataset\unsplash_pose_sN4tEHzC4lQ.jpg,ok
unsplash_pose_eToH-X6yfUg.jpg,86.17,excellent,unsplash_pose_dataset\unsplash_pose_eToH-X6yfUg.jpg,ok
unsplash_pose_piuq7b8yU2U.jpg,86.07,excellent,unsplash_pose_dataset\unsplash_pose_piuq7b8yU2U.jpg,ok
unsplash_pose_-TQwOD8rdLU.jpg,86.05,excellent,unsplash_pose_dataset\unsplash_pose_-TQwOD8rdLU.jpg,ok
unsplash_pose_j5ANn7RBEhM.jpg,86.0,excellent,unsplash_pose_dataset\unsplash_pose_j5ANn7RBEhM.jpg,ok
unsplash_pose_fawBcj30NXA.jpg,85.97,excellent,unsplash_pose_dataset\unsplash_pose_fawBcj30NXA.jpg,ok
unsplash_pose_A2JvjIiB-Lc.jpg,85.86,excellent,unsplash_pose_dataset\unsplash_pose_A2JvjIiB-Lc.jpg,ok
unsplash_pose_TFe8liWdRHY.jpg,85.86,excellent,unsplash_pose_dataset\unsplash_pose_TFe8liWdRHY.jpg,ok
unsplash_pose_turuFA7D9ws.jpg,85.83,excellent,unsplash_pose_dataset\unsplash_pose_turuFA7D9ws.jpg,ok
unsplash_pose_3XCFqdWlh5c.jpg,85.75,excellent,unsplash_pose_dataset\unsplash_pose_3XCFqdWlh5c.jpg,ok
unsplash_pose_rTTYQeEQFC8.jpg,85.73,excellent,unsplash_pose_dataset\unsplash_pose_rTTYQeEQFC8.jpg,ok
unsplash_pose_HzY_UYCNYsQ.jpg,85.73,excellent,unsplash_pose_dataset\unsplash_pose_HzY_UYCNYsQ.jpg,ok
unsplash_pose_9L87qvbYJIE.jpg,85.68,excellent,unsplash_pose_dataset\unsplash_pose_9L87qvbYJIE.jpg,ok
unsplash_pose_Z-Ae1Zj9YbM.jpg,85.57,excellent,unsplash_pose_dataset\unsplash_pose_Z-Ae1Zj9YbM.jpg,ok
unsplash_pose_BlQOgXrFX-Q.jpg,85.53,excellent,unsplash_pose_dataset\unsplash_pose_BlQOgXrFX-Q.jpg,ok
unsplash_pose_chbckpjDswM.jpg,85.53,excellent,unsplash_pose_dataset\unsplash_pose_chbckpjDswM.jpg,ok
unsplash_pose_zv4A_Xj5NVo.jpg,85.52,excellent,unsplash_pose_dataset\unsplash_pose_zv4A_Xj5NVo.jpg,ok
unsplash_pose_VonYASkhn4I.jpg,85.48,excellent,unsplash_pose_dataset\unsplash_pose_VonYASkhn4I.jpg,ok
unsplash_pose_FbJW1l0Lf-w.jpg,85.47,excellent,unsplash_pose_dataset\unsplash_pose_FbJW1l0Lf-w.jpg,ok
unsplash_pose_sEoZHipn7j4.jpg,85.45,excellent,unsplash_pose_dataset\unsplash_pose_sEoZHipn7j4.jpg,ok
unsplash_pose_uZS-v9aa338.jpg,85.44,excellent,unsplash_pose_dataset\unsplash_pose_uZS-v9aa338.jpg,ok
unsplash_pose_taBjqHJkR4c.jpg,85.31,excellent,unsplash_pose_dataset\unsplash_pose_taBjqHJkR4c.jpg,ok
unsplash_pose_VqUgxh8tj50.jpg,85.15,excellent,unsplash_pose_dataset\unsplash_pose_VqUgxh8tj50.jpg,ok
unsplash_pose_Mtc56zc0x04.jpg,85.09,excellent,unsplash_pose_dataset\unsplash_pose_Mtc56zc0x04.jpg,ok
unsplash_pose_jxy-yKnnkjY.jpg,84.93,good,unsplash_pose_dataset\unsplash_pose_jxy-yKnnkjY.jpg,ok
unsplash_pose_5Cx3VaHhUGQ.jpg,84.91,good,unsplash_pose_dataset\unsplash_pose_5Cx3VaHhUGQ.jpg,ok
unsplash_pose_t8uHYszz9Ps.jpg,84.87,good,unsplash_pose_dataset\unsplash_pose_t8uHYszz9Ps.jpg,ok
unsplash_pose_ocEbvB4ozss.jpg,84.86,good,unsplash_pose_dataset\unsplash_pose_ocEbvB4ozss.jpg,ok
unsplash_pose_uGsFkvQbx6E.jpg,84.76,good,unsplash_pose_dataset\unsplash_pose_uGsFkvQbx6E.jpg,ok
unsplash_pose_h4AAGJHWLzM.jpg,84.74,good,unsplash_pose_dataset\unsplash_pose_h4AAGJHWLzM.jpg,ok
unsplash_pose_RG1JAjHPmrA.jpg,84.73,good,unsplash_pose_dataset\unsplash_pose_RG1JAjHPmrA.jpg,ok
unsplash_pose__MnbIoOIarM.jpg,84.63,good,unsplash_pose_dataset\unsplash_pose__MnbIoOIarM.jpg,ok
unsplash_pose_eLSqrcfjH3A.jpg,84.59,good,unsplash_pose_dataset\unsplash_pose_eLSqrcfjH3A.jpg,ok
unsplash_pose_ceszFx4XGJ4.jpg,84.56,good,unsplash_pose_dataset\unsplash_pose_ceszFx4XGJ4.jpg,ok
unsplash_pose_-uV1Zfh4YMQ.jpg,84.54,good,unsplash_pose_dataset\unsplash_pose_-uV1Zfh4YMQ.jpg,ok
unsplash_pose_3JbNQQMh7OY.jpg,84.48,good,unsplash_pose_dataset\unsplash_pose_3JbNQQMh7OY.jpg,ok
unsplash_pose_A6Y1aLmMr5I.jpg,84.46,good,unsplash_pose_dataset\unsplash_pose_A6Y1aLmMr5I.jpg,ok
unsplash_pose_GGMvNa4-3Ew.jpg,84.39,good,unsplash_pose_dataset\unsplash_pose_GGMvNa4-3Ew.jpg,ok
unsplash_pose_Ey3KtQSFMlQ.jpg,84.37,good,unsplash_pose_dataset\unsplash_pose_Ey3KtQSFMlQ.jpg,ok
unsplash_pose_rI-SYbao7RQ.jpg,84.35,good,unsplash_pose_dataset\unsplash_pose_rI-SYbao7RQ.jpg,ok
unsplash_pose_161_ToLlvHw.jpg,84.22,good,unsplash_pose_dataset\unsplash_pose_161_ToLlvHw.jpg,ok
unsplash_pose_Fp1pb_cqlNM.jpg,84.22,good,unsplash_pose_dataset\unsplash_pose_Fp1pb_cqlNM.jpg,ok
unsplash_pose_GpflXIE9v4E.jpg,84.19,good,unsplash_pose_dataset\unsplash_pose_GpflXIE9v4E.jpg,ok
unsplash_pose_MbElizA8LKU.jpg,84.16,good,unsplash_pose_dataset\unsplash_pose_MbElizA8LKU.jpg,ok
unsplash_pose_J2Aqjk3FXws.jpg,84.16,good,unsplash_pose_dataset\unsplash_pose_J2Aqjk3FXws.jpg,ok
unsplash_pose_Y7HkIMIBGV0.jpg,84.09,good,unsplash_pose_dataset\unsplash_pose_Y7HkIMIBGV0.jpg,ok
unsplash_pose_tbi-6iEbss4.jpg,84.08,good,unsplash_pose_dataset\unsplash_pose_tbi-6iEbss4.jpg,ok
unsplash_pose_6vuv427aibw.jpg,84.04,good,unsplash_pose_dataset\unsplash_pose_6vuv427aibw.jpg,ok
unsplash_pose_Y2vzsEn_4v8.jpg,84.01,good,unsplash_pose_dataset\unsplash_pose_Y2vzsEn_4v8.jpg,ok
unsplash_pose_x7eVNFXCph0.jpg,83.98,good,unsplash_pose_dataset\unsplash_pose_x7eVNFXCph0.jpg,ok
unsplash_pose_3QecIJh2dbY.jpg,83.94,good,unsplash_pose_dataset\unsplash_pose_3QecIJh2dbY.jpg,ok
unsplash_pose_B2gRcfyfsgE.jpg,83.92,good,unsplash_pose_dataset\unsplash_pose_B2gRcfyfsgE.jpg,ok
unsplash_pose_EwM1EqeIYzk.jpg,83.91,good,unsplash_pose_dataset\unsplash_pose_EwM1EqeIYzk.jpg,ok
unsplash_pose_CB84hFScDdc.jpg,83.87,good,unsplash_pose_dataset\unsplash_pose_CB84hFScDdc.jpg,ok
unsplash_pose_AfXrQq5f6wc.jpg,83.85,good,unsplash_pose_dataset\unsplash_pose_AfXrQq5f6wc.jpg,ok
unsplash_pose_f2P6u9VXylc.jpg,83.81,good,unsplash_pose_dataset\unsplash_pose_f2P6u9VXylc.jpg,ok
unsplash_pose_NxGRsXccyfA.jpg,83.79,good,unsplash_pose_dataset\unsplash_pose_NxGRsXccyfA.jpg,ok
unsplash_pose_TjFjXHyfvW8.jpg,83.79,good,unsplash_pose_dataset\unsplash_pose_TjFjXHyfvW8.jpg,ok
unsplash_pose_gyWgWCoD2U4.jpg,83.76,good,unsplash_pose_dataset\unsplash_pose_gyWgWCoD2U4.jpg,ok
unsplash_pose_Nd6iCNIbbJk.jpg,83.73,good,unsplash_pose_dataset\unsplash_pose_Nd6iCNIbbJk.jpg,ok
unsplash_pose_9E_6hXT0RpU.jpg,83.66,good,unsplash_pose_dataset\unsplash_pose_9E_6hXT0RpU.jpg,ok
unsplash_pose_SzGLx1HWS7I.jpg,83.64,good,unsplash_pose_dataset\unsplash_pose_SzGLx1HWS7I.jpg,ok
unsplash_pose_kNYw6jEr9Ho.jpg,83.6,good,unsplash_pose_dataset\unsplash_pose_kNYw6jEr9Ho.jpg,ok
unsplash_pose_OaWZsPqS94k.jpg,83.55,good,unsplash_pose_dataset\unsplash_pose_OaWZsPqS94k.jpg,ok
unsplash_pose_2__9TMc8Bu4.jpg,83.52,good,unsplash_pose_dataset\unsplash_pose_2__9TMc8Bu4.jpg,ok
unsplash_pose_LY09RfHOoVk.jpg,83.44,good,unsplash_pose_dataset\unsplash_pose_LY09RfHOoVk.jpg,ok
unsplash_pose_y_yUpHDLctE.jpg,83.41,good,unsplash_pose_dataset\unsplash_pose_y_yUpHDLctE.jpg,ok
unsplash_pose_YTIt1AsCjl0.jpg,83.41,good,unsplash_pose_dataset\unsplash_pose_YTIt1AsCjl0.jpg,ok
unsplash_pose_cuZDK33D_wU.jpg,83.4,good,unsplash_pose_dataset\unsplash_pose_cuZDK33D_wU.jpg,ok
unsplash_pose_lBFqCwwRGAA.jpg,83.35,good,unsplash_pose_dataset\unsplash_pose_lBFqCwwRGAA.jpg,ok
unsplash_pose_nwx1zTfKHGI.jpg,83.35,good,unsplash_pose_dataset\unsplash_pose_nwx1zTfKHGI.jpg,ok
unsplash_pose_Umd2wXvhFOQ.jpg,83.33,good,unsplash_pose_dataset\unsplash_pose_Umd2wXvhFOQ.jpg,ok
unsplash_pose_PHl7XAmkm-w.jpg,83.31,good,unsplash_pose_dataset\unsplash_pose_PHl7XAmkm-w.jpg,ok
unsplash_pose_klICwkEpdmM.jpg,83.26,good,unsplash_pose_dataset\unsplash_pose_klICwkEpdmM.jpg,ok
unsplash_pose_xoEOaAXOhEA.jpg,83.23,good,unsplash_pose_dataset\unsplash_pose_xoEOaAXOhEA.jpg,ok
unsplash_pose_Uni0IBVcivg.jpg,83.19,good,unsplash_pose_dataset\unsplash_pose_Uni0IBVcivg.jpg,ok
unsplash_pose_uvTUI7tu7qI.jpg,83.19,good,unsplash_pose_dataset\unsplash_pose_uvTUI7tu7qI.jpg,ok
unsplash_pose_1DB1WsVmO80.jpg,83.18,good,unsplash_pose_dataset\unsplash_pose_1DB1WsVmO80.jpg,ok
unsplash_pose_ZMYGPcKFSP4.jpg,83.18,good,unsplash_pose_dataset\unsplash_pose_ZMYGPcKFSP4.jpg,ok
unsplash_pose_cfQiXG92zGk.jpg,83.14,good,unsplash_pose_dataset\unsplash_pose_cfQiXG92zGk.jpg,ok
unsplash_pose_mtfMFR7J4eU.jpg,83.13,good,unsplash_pose_dataset\unsplash_pose_mtfMFR7J4eU.jpg,ok
unsplash_pose_lHuyF8U2TRA.jpg,83.08,good,unsplash_pose_dataset\unsplash_pose_lHuyF8U2TRA.jpg,ok
unsplash_pose_iE5PIYn698Q.jpg,83.07,good,unsplash_pose_dataset\unsplash_pose_iE5PIYn698Q.jpg,ok
unsplash_pose_bv1tUxbVDEc.jpg,83.07,good,unsplash_pose_dataset\unsplash_pose_bv1tUxbVDEc.jpg,ok
unsplash_pose_JIfkjVJM3dk.jpg,83.06,good,unsplash_pose_dataset\unsplash_pose_JIfkjVJM3dk.jpg,ok
unsplash_pose_DCDj5TeIkAU.jpg,83.02,good,unsplash_pose_dataset\unsplash_pose_DCDj5TeIkAU.jpg,ok
unsplash_pose_A1TMRi1U5uw.jpg,83.01,good,unsplash_pose_dataset\unsplash_pose_A1TMRi1U5uw.jpg,ok
unsplash_pose_sR5GxrsBxD4.jpg,82.96,good,unsplash_pose_dataset\unsplash_pose_sR5GxrsBxD4.jpg,ok
unsplash_pose_I33ODbRKULM.jpg,82.96,good,unsplash_pose_dataset\unsplash_pose_I33ODbRKULM.jpg,ok
unsplash_pose_Rmh6HbfooiM.jpg,82.94,good,unsplash_pose_dataset\unsplash_pose_Rmh6HbfooiM.jpg,ok
unsplash_pose_APzyHZJtfWk.jpg,82.86,good,unsplash_pose_dataset\unsplash_pose_APzyHZJtfWk.jpg,ok
unsplash_pose_tbyxm09ekWg.jpg,82.86,good,unsplash_pose_dataset\unsplash_pose_tbyxm09ekWg.jpg,ok
unsplash_pose_TkBlvziQFkg.jpg,82.73,good,unsplash_pose_dataset\unsplash_pose_TkBlvziQFkg.jpg,ok
unsplash_pose_7ORkFldW24k.jpg,82.7,good,unsplash_pose_dataset\unsplash_pose_7ORkFldW24k.jpg,ok
unsplash_pose_u9ufuyJGA4s.jpg,82.69,good,unsplash_pose_dataset\unsplash_pose_u9ufuyJGA4s.jpg,ok
unsplash_pose_7vYUPML_41I.jpg,82.69,good,unsplash_pose_dataset\unsplash_pose_7vYUPML_41I.jpg,ok
unsplash_pose_iK7eKbbsxjM.jpg,82.67,good,unsplash_pose_dataset\unsplash_pose_iK7eKbbsxjM.jpg,ok
unsplash_pose_VUSdlpXY-c0.jpg,82.65,good,unsplash_pose_dataset\unsplash_pose_VUSdlpXY-c0.jpg,ok
unsplash_pose_72K2hAiACYw.jpg,82.64,good,unsplash_pose_dataset\unsplash_pose_72K2hAiACYw.jpg,ok
unsplash_pose_1_2yD7XS-wo.jpg,82.63,good,unsplash_pose_dataset\unsplash_pose_1_2yD7XS-wo.jpg,ok
unsplash_pose_Lqej77_JAPU.jpg,82.6,good,unsplash_pose_dataset\unsplash_pose_Lqej77_JAPU.jpg,ok
unsplash_pose_kwsVn7OCzXA.jpg,82.59,good,unsplash_pose_dataset\unsplash_pose_kwsVn7OCzXA.jpg,ok
unsplash_pose_0tHqkE-oG7M.jpg,82.59,good,unsplash_pose_dataset\unsplash_pose_0tHqkE-oG7M.jpg,ok
unsplash_pose_WzydA2yEmAc.jpg,82.57,good,unsplash_pose_dataset\unsplash_pose_WzydA2yEmAc.jpg,ok
unsplash_pose_CZCHc_iwoec.jpg,82.51,good,unsplash_pose_dataset\unsplash_pose_CZCHc_iwoec.jpg,ok
unsplash_pose_5eQpWZfFONQ.jpg,82.49,good,unsplash_pose_dataset\unsplash_pose_5eQpWZfFONQ.jpg,ok
unsplash_pose_9Ettd1UDPdg.jpg,82.47,good,unsplash_pose_dataset\unsplash_pose_9Ettd1UDPdg.jpg,ok
unsplash_pose_7LEnSdX2WNU.jpg,82.42,good,unsplash_pose_dataset\unsplash_pose_7LEnSdX2WNU.jpg,ok
unsplash_pose_PrPBJKSM02o.jpg,82.35,good,unsplash_pose_dataset\unsplash_pose_PrPBJKSM02o.jpg,ok
unsplash_pose_hnuUMxzcIm8.jpg,82.32,good,unsplash_pose_dataset\unsplash_pose_hnuUMxzcIm8.jpg,ok
unsplash_pose_1oT6gZ1DdHE.jpg,82.32,good,unsplash_pose_dataset\unsplash_pose_1oT6gZ1DdHE.jpg,ok
unsplash_pose_u3fq5EPkbuY.jpg,82.3,good,unsplash_pose_dataset\unsplash_pose_u3fq5EPkbuY.jpg,ok
unsplash_pose_bWWArXKRs-g.jpg,82.29,good,unsplash_pose_dataset\unsplash_pose_bWWArXKRs-g.jpg,ok
unsplash_pose_laGW18xud5g.jpg,82.28,good,unsplash_pose_dataset\unsplash_pose_laGW18xud5g.jpg,ok
unsplash_pose_Su0PfP77x8I.jpg,82.2,good,unsplash_pose_dataset\unsplash_pose_Su0PfP77x8I.jpg,ok
unsplash_pose_dMVfUE-9rZw.jpg,82.19,good,unsplash_pose_dataset\unsplash_pose_dMVfUE-9rZw.jpg,ok
unsplash_pose_shecWnjYVCY.jpg,82.18,good,unsplash_pose_dataset\unsplash_pose_shecWnjYVCY.jpg,ok
unsplash_pose_28Y_s7TeVQA.jpg,82.14,good,unsplash_pose_dataset\unsplash_pose_28Y_s7TeVQA.jpg,ok
unsplash_pose_oK5CXeATHoY.jpg,82.05,good,unsplash_pose_dataset\unsplash_pose_oK5CXeATHoY.jpg,ok
unsplash_pose_9NARSOVLySQ.jpg,82.04,good,unsplash_pose_dataset\unsplash_pose_9NARSOVLySQ.jpg,ok
unsplash_pose_LVDLwiNBTvY.jpg,82.04,good,unsplash_pose_dataset\unsplash_pose_LVDLwiNBTvY.jpg,ok
unsplash_pose_jkQLYykbYcY.jpg,82.03,good,unsplash_pose_dataset\unsplash_pose_jkQLYykbYcY.jpg,ok
unsplash_pose_3ZcrVTB3d0Q.jpg,82.0,good,unsplash_pose_dataset\unsplash_pose_3ZcrVTB3d0Q.jpg,ok
unsplash_pose_0FErBAwOGrU.jpg,81.86,good,unsplash_pose_dataset\unsplash_pose_0FErBAwOGrU.jpg,ok
unsplash_pose_JEtrfA-m3e4.jpg,81.81,good,unsplash_pose_dataset\unsplash_pose_JEtrfA-m3e4.jpg,ok
unsplash_pose_pzrBOBOgaeA.jpg,81.79,good,unsplash_pose_dataset\unsplash_pose_pzrBOBOgaeA.jpg,ok
unsplash_pose_69mg3BLUFQc.jpg,81.74,good,unsplash_pose_dataset\unsplash_pose_69mg3BLUFQc.jpg,ok
unsplash_pose_BdAQTlF_6NM.jpg,81.74,good,unsplash_pose_dataset\unsplash_pose_BdAQTlF_6NM.jpg,ok
unsplash_pose_tTLEEdXzP1s.jpg,81.73,good,unsplash_pose_dataset\unsplash_pose_tTLEEdXzP1s.jpg,ok
unsplash_pose_Whb4NkfYSno.jpg,81.72,good,unsplash_pose_dataset\unsplash_pose_Whb4NkfYSno.jpg,ok
unsplash_pose_20C7KjS7XUE.jpg,81.7,good,unsplash_pose_dataset\unsplash_pose_20C7KjS7XUE.jpg,ok
unsplash_pose_ufbaRQ4nTf4.jpg,81.68,good,unsplash_pose_dataset\unsplash_pose_ufbaRQ4nTf4.jpg,ok
unsplash_pose_fw6a2Cxplmo.jpg,81.63,good,unsplash_pose_dataset\unsplash_pose_fw6a2Cxplmo.jpg,ok
unsplash_pose_jY35JB6ZGlI.jpg,81.62,good,unsplash_pose_dataset\unsplash_pose_jY35JB6ZGlI.jpg,ok
unsplash_pose_3NBqJTVVx1U.jpg,81.58,good,unsplash_pose_dataset\unsplash_pose_3NBqJTVVx1U.jpg,ok
unsplash_pose_1cI6NsaDeYk.jpg,81.55,good,unsplash_pose_dataset\unsplash_pose_1cI6NsaDeYk.jpg,ok
unsplash_pose_-_c-bPdACQY.jpg,81.55,good,unsplash_pose_dataset\unsplash_pose_-_c-bPdACQY.jpg,ok
unsplash_pose_LjftLaNrhkw.jpg,81.54,good,unsplash_pose_dataset\unsplash_pose_LjftLaNrhkw.jpg,ok
unsplash_pose_Q_vYdf1W_hw.jpg,81.52,good,unsplash_pose_dataset\unsplash_pose_Q_vYdf1W_hw.jpg,ok
unsplash_pose_PV8g-Bh6rlI.jpg,81.51,good,unsplash_pose_dataset\unsplash_pose_PV8g-Bh6rlI.jpg,ok
unsplash_pose_ndVNJQAhwQc.jpg,81.41,good,unsplash_pose_dataset\unsplash_pose_ndVNJQAhwQc.jpg,ok
unsplash_pose_1idWZrzVIK8.jpg,81.41,good,unsplash_pose_dataset\unsplash_pose_1idWZrzVIK8.jpg,ok
unsplash_pose_UNHrzkN5H0g.jpg,81.41,good,unsplash_pose_dataset\unsplash_pose_UNHrzkN5H0g.jpg,ok
unsplash_pose_X232PWGpvsI.jpg,81.36,good,unsplash_pose_dataset\unsplash_pose_X232PWGpvsI.jpg,ok
unsplash_pose_TGqsd-3y89k.jpg,81.32,good,unsplash_pose_dataset\unsplash_pose_TGqsd-3y89k.jpg,ok
unsplash_pose_g_1YztTb0Dw.jpg,81.32,good,unsplash_pose_dataset\unsplash_pose_g_1YztTb0Dw.jpg,ok
unsplash_pose_fniZkst-ses.jpg,81.31,good,unsplash_pose_dataset\unsplash_pose_fniZkst-ses.jpg,ok
unsplash_pose_PaiJ1QuDRbE.jpg,81.31,good,unsplash_pose_dataset\unsplash_pose_PaiJ1QuDRbE.jpg,ok
unsplash_pose_-SwGz-NOC50.jpg,81.3,good,unsplash_pose_dataset\unsplash_pose_-SwGz-NOC50.jpg,ok
unsplash_pose_0zIRvDKb07w.jpg,81.28,good,unsplash_pose_dataset\unsplash_pose_0zIRvDKb07w.jpg,ok
unsplash_pose_BlDmDdWCKgw.jpg,81.24,good,unsplash_pose_dataset\unsplash_pose_BlDmDdWCKgw.jpg,ok
unsplash_pose_Mhy2QHxAL-Q.jpg,81.22,good,unsplash_pose_dataset\unsplash_pose_Mhy2QHxAL-Q.jpg,ok
unsplash_pose_x1DW-DTrZQ4.jpg,81.2,good,unsplash_pose_dataset\unsplash_pose_x1DW-DTrZQ4.jpg,ok
unsplash_pose_lMijf6GgOi0.jpg,81.2,good,unsplash_pose_dataset\unsplash_pose_lMijf6GgOi0.jpg,ok
unsplash_pose_klgVJPb9f5Q.jpg,81.18,good,unsplash_pose_dataset\unsplash_pose_klgVJPb9f5Q.jpg,ok
unsplash_pose_ymo_yC_N_2o.jpg,81.18,good,unsplash_pose_dataset\unsplash_pose_ymo_yC_N_2o.jpg,ok
unsplash_pose_rWzp75z-mdc.jpg,81.16,good,unsplash_pose_dataset\unsplash_pose_rWzp75z-mdc.jpg,ok
unsplash_pose_bvQFyMzwQps.jpg,81.09,good,unsplash_pose_dataset\unsplash_pose_bvQFyMzwQps.jpg,ok
unsplash_pose_mkpFk-oIszM.jpg,81.08,good,unsplash_pose_dataset\unsplash_pose_mkpFk-oIszM.jpg,ok
unsplash_pose__zrg3nebM00.jpg,81.05,good,unsplash_pose_dataset\unsplash_pose__zrg3nebM00.jpg,ok
unsplash_pose_EyjD8RjIRo0.jpg,81.03,good,unsplash_pose_dataset\unsplash_pose_EyjD8RjIRo0.jpg,ok
unsplash_pose_Aq4FEziX61w.jpg,80.96,good,unsplash_pose_dataset\unsplash_pose_Aq4FEziX61w.jpg,ok
unsplash_pose_szGN9CWhgyk.jpg,80.95,good,unsplash_pose_dataset\unsplash_pose_szGN9CWhgyk.jpg,ok
unsplash_pose_TSFJpkvzfvc.jpg,80.94,good,unsplash_pose_dataset\unsplash_pose_TSFJpkvzfvc.jpg,ok
unsplash_pose_ZpG2jt0K8_4.jpg,80.93,good,unsplash_pose_dataset\unsplash_pose_ZpG2jt0K8_4.jpg,ok
unsplash_pose_Nce2XAR2JCw.jpg,80.91,good,unsplash_pose_dataset\unsplash_pose_Nce2XAR2JCw.jpg,ok
unsplash_pose_M4omeXixzus.jpg,80.88,good,unsplash_pose_dataset\unsplash_pose_M4omeXixzus.jpg,ok
unsplash_pose_cetn_UpJNDw.jpg,80.87,good,unsplash_pose_dataset\unsplash_pose_cetn_UpJNDw.jpg,ok
unsplash_pose_6WvOuvEKMBc.jpg,80.86,good,unsplash_pose_dataset\unsplash_pose_6WvOuvEKMBc.jpg,ok
unsplash_pose_HMjUuVPV40o.jpg,80.79,good,unsplash_pose_dataset\unsplash_pose_HMjUuVPV40o.jpg,ok
unsplash_pose_roX87II4Fgk.jpg,80.77,good,unsplash_pose_dataset\unsplash_pose_roX87II4Fgk.jpg,ok
unsplash_pose_uGQcwezkF68.jpg,80.77,good,unsplash_pose_dataset\unsplash_pose_uGQcwezkF68.jpg,ok
unsplash_pose_QWEqjtFooa8.jpg,80.77,good,unsplash_pose_dataset\unsplash_pose_QWEqjtFooa8.jpg,ok
unsplash_pose_EG0-SHM7Pes.jpg,80.75,good,unsplash_pose_dataset\unsplash_pose_EG0-SHM7Pes.jpg,ok
unsplash_pose_uWMYlPxndns.jpg,80.73,good,unsplash_pose_dataset\unsplash_pose_uWMYlPxndns.jpg,ok
unsplash_pose_6FbvbTL9bUI.jpg,80.73,good,unsplash_pose_dataset\unsplash_pose_6FbvbTL9bUI.jpg,ok
unsplash_pose_bfz9Ej_I3Lw.jpg,80.72,good,unsplash_pose_dataset\unsplash_pose_bfz9Ej_I3Lw.jpg,ok
unsplash_pose_9UAfLTqMoS0.jpg,80.71,good,unsplash_pose_dataset\unsplash_pose_9UAfLTqMoS0.jpg,ok
unsplash_pose_lDAjYVTkueA.jpg,80.71,good,unsplash_pose_dataset\unsplash_pose_lDAjYVTkueA.jpg,ok
unsplash_pose_YQ8O1elHMyw.jpg,80.7,good,unsplash_pose_dataset\unsplash_pose_YQ8O1elHMyw.jpg,ok
unsplash_pose_1b-Ur5tqXL0.jpg,80.7,good,unsplash_pose_dataset\unsplash_pose_1b-Ur5tqXL0.jpg,ok
unsplash_pose_9WHnk851_dE.jpg,80.64,good,unsplash_pose_dataset\unsplash_pose_9WHnk851_dE.jpg,ok
unsplash_pose_0pZ30D-UKlk.jpg,80.64,good,unsplash_pose_dataset\unsplash_pose_0pZ30D-UKlk.jpg,ok
unsplash_pose_E0UuT5FXr_s.jpg,80.64,good,unsplash_pose_dataset\unsplash_pose_E0UuT5FXr_s.jpg,ok
unsplash_pose_k0-nx_8jxSY.jpg,80.63,good,unsplash_pose_dataset\unsplash_pose_k0-nx_8jxSY.jpg,ok
unsplash_pose_VE5nBLiYyeQ.jpg,80.62,good,unsplash_pose_dataset\unsplash_pose_VE5nBLiYyeQ.jpg,ok
unsplash_pose_11caLy8JTzY.jpg,80.61,good,unsplash_pose_dataset\unsplash_pose_11caLy8JTzY.jpg,ok
unsplash_pose_9_SwLH-MSJI.jpg,80.59,good,unsplash_pose_dataset\unsplash_pose_9_SwLH-MSJI.jpg,ok
unsplash_pose_s5b54UUKkjo.jpg,80.59,good,unsplash_pose_dataset\unsplash_pose_s5b54UUKkjo.jpg,ok
unsplash_pose_JvWalc0yQlg.jpg,80.56,good,unsplash_pose_dataset\unsplash_pose_JvWalc0yQlg.jpg,ok
unsplash_pose_NEoHtAwvwnE.jpg,80.48,good,unsplash_pose_dataset\unsplash_pose_NEoHtAwvwnE.jpg,ok
unsplash_pose_w6SUsOvlIds.jpg,80.47,good,unsplash_pose_dataset\unsplash_pose_w6SUsOvlIds.jpg,ok
unsplash_pose_oT9DOE2bzqw.jpg,80.42,good,unsplash_pose_dataset\unsplash_pose_oT9DOE2bzqw.jpg,ok
unsplash_pose_EYmsdQU74ro.jpg,80.4,good,unsplash_pose_dataset\unsplash_pose_EYmsdQU74ro.jpg,ok
unsplash_pose_DeOUEhytoLs.jpg,80.36,good,unsplash_pose_dataset\unsplash_pose_DeOUEhytoLs.jpg,ok
unsplash_pose_kQ_BM2GXEzU.jpg,80.36,good,unsplash_pose_dataset\unsplash_pose_kQ_BM2GXEzU.jpg,ok
unsplash_pose_Ls7XMGP9f_c.jpg,80.31,good,unsplash_pose_dataset\unsplash_pose_Ls7XMGP9f_c.jpg,ok
unsplash_pose_FvMIArqp71Y.jpg,80.3,good,unsplash_pose_dataset\unsplash_pose_FvMIArqp71Y.jpg,ok
unsplash_pose_FdmHzXF8p2E.jpg,80.29,good,unsplash_pose_dataset\unsplash_pose_FdmHzXF8p2E.jpg,ok
unsplash_pose_sN59cLG1riM.jpg,80.25,good,unsplash_pose_dataset\unsplash_pose_sN59cLG1riM.jpg,ok
unsplash_pose_xAeV1pz2d8s.jpg,80.15,good,unsplash_pose_dataset\unsplash_pose_xAeV1pz2d8s.jpg,ok
unsplash_pose_zxkihH50JIk.jpg,80.07,good,unsplash_pose_dataset\unsplash_pose_zxkihH50JIk.jpg,ok
unsplash_pose_QXZqT3_69JA.jpg,80.06,good,unsplash_pose_dataset\unsplash_pose_QXZqT3_69JA.jpg,ok
unsplash_pose_dPCx8JOIGuk.jpg,80.05,good,unsplash_pose_dataset\unsplash_pose_dPCx8JOIGuk.jpg,ok
unsplash_pose_VkGWkyqf_Sc.jpg,80.04,good,unsplash_pose_dataset\unsplash_pose_VkGWkyqf_Sc.jpg,ok
unsplash_pose_WmoKF-riTk8.jpg,80.02,good,unsplash_pose_dataset\unsplash_pose_WmoKF-riTk8.jpg,ok
unsplash_pose_Te0sEJS5TEg.jpg,80.0,good,unsplash_pose_dataset\unsplash_pose_Te0sEJS5TEg.jpg,ok
unsplash_pose_lfEdJfUQjQA.jpg,79.99,good,unsplash_pose_dataset\unsplash_pose_lfEdJfUQjQA.jpg,ok
unsplash_pose_1jvSh9WLygo.jpg,79.97,good,unsplash_pose_dataset\unsplash_pose_1jvSh9WLygo.jpg,ok
unsplash_pose_ncNWYBhzwhw.jpg,79.94,good,unsplash_pose_dataset\unsplash_pose_ncNWYBhzwhw.jpg,ok
unsplash_pose_Y9rfBbdVYIE.jpg,79.93,good,unsplash_pose_dataset\unsplash_pose_Y9rfBbdVYIE.jpg,ok
unsplash_pose_oZm9_zxKLMs.jpg,79.92,good,unsplash_pose_dataset\unsplash_pose_oZm9_zxKLMs.jpg,ok
unsplash_pose_foXWzXiXY1w.jpg,79.92,good,unsplash_pose_dataset\unsplash_pose_foXWzXiXY1w.jpg,ok
unsplash_pose_leMy8Uh1zRQ.jpg,79.89,good,unsplash_pose_dataset\unsplash_pose_leMy8Uh1zRQ.jpg,ok
unsplash_pose_9SqZA2IlUrI.jpg,79.88,good,unsplash_pose_dataset\unsplash_pose_9SqZA2IlUrI.jpg,ok
unsplash_pose_-qd8od5bCA4.jpg,79.88,good,unsplash_pose_dataset\unsplash_pose_-qd8od5bCA4.jpg,ok
unsplash_pose_fPDF4GQJmxM.jpg,79.87,good,unsplash_pose_dataset\unsplash_pose_fPDF4GQJmxM.jpg,ok
unsplash_pose_Sor8SdTXyxA.jpg,79.85,good,unsplash_pose_dataset\unsplash_pose_Sor8SdTXyxA.jpg,ok
unsplash_pose_QtCvN1PH8wc.jpg,79.84,good,unsplash_pose_dataset\unsplash_pose_QtCvN1PH8wc.jpg,ok
unsplash_pose_FXmFR9HhpIc.jpg,79.8,good,unsplash_pose_dataset\unsplash_pose_FXmFR9HhpIc.jpg,ok
unsplash_pose_67p-d7TNf1c.jpg,79.8,good,unsplash_pose_dataset\unsplash_pose_67p-d7TNf1c.jpg,ok
unsplash_pose_tatUy7qyf4U.jpg,79.79,good,unsplash_pose_dataset\unsplash_pose_tatUy7qyf4U.jpg,ok
unsplash_pose_otxMo9yCwB0.jpg,79.77,good,unsplash_pose_dataset\unsplash_pose_otxMo9yCwB0.jpg,ok
unsplash_pose_zwuxJYHHr_Q.jpg,79.75,good,unsplash_pose_dataset\unsplash_pose_zwuxJYHHr_Q.jpg,ok
unsplash_pose_a3h8ZDu8tC4.jpg,79.74,good,unsplash_pose_dataset\unsplash_pose_a3h8ZDu8tC4.jpg,ok
unsplash_pose_pT-qIRdmog8.jpg,79.73,good,unsplash_pose_dataset\unsplash_pose_pT-qIRdmog8.jpg,ok
unsplash_pose_cdEX_N2eMSA.jpg,79.72,good,unsplash_pose_dataset\unsplash_pose_cdEX_N2eMSA.jpg,ok
unsplash_pose_0sdVWkasfFo.jpg,79.7,good,unsplash_pose_dataset\unsplash_pose_0sdVWkasfFo.jpg,ok
unsplash_pose_9DD3VKvgdhk.jpg,79.69,good,unsplash_pose_dataset\unsplash_pose_9DD3VKvgdhk.jpg,ok
unsplash_pose_f4lk9XTZmqA.jpg,79.66,good,unsplash_pose_dataset\unsplash_pose_f4lk9XTZmqA.jpg,ok
unsplash_pose_6SPR-kBULWI.jpg,79.64,good,unsplash_pose_dataset\unsplash_pose_6SPR-kBULWI.jpg,ok
unsplash_pose_XsGRHaCeDhA.jpg,79.63,good,unsplash_pose_dataset\unsplash_pose_XsGRHaCeDhA.jpg,ok
unsplash_pose_VK-NYjsfoig.jpg,79.62,good,unsplash_pose_dataset\unsplash_pose_VK-NYjsfoig.jpg,ok
unsplash_pose_eN4k9CKL3TU.jpg,79.59,good,unsplash_pose_dataset\unsplash_pose_eN4k9CKL3TU.jpg,ok
unsplash_pose_6XfLZszTPso.jpg,79.58,good,unsplash_pose_dataset\unsplash_pose_6XfLZszTPso.jpg,ok
unsplash_pose__3WPwYpTKQo.jpg,79.57,good,unsplash_pose_dataset\unsplash_pose__3WPwYpTKQo.jpg,ok
unsplash_pose_TxanfCUE8tQ.jpg,79.56,good,unsplash_pose_dataset\unsplash_pose_TxanfCUE8tQ.jpg,ok
unsplash_pose_nFcKMS_8R74.jpg,79.56,good,unsplash_pose_dataset\unsplash_pose_nFcKMS_8R74.jpg,ok
unsplash_pose_KEAqRbPc_4o.jpg,79.55,good,unsplash_pose_dataset\unsplash_pose_KEAqRbPc_4o.jpg,ok
unsplash_pose_SgQHU-Z5-p0.jpg,79.52,good,unsplash_pose_dataset\unsplash_pose_SgQHU-Z5-p0.jpg,ok
unsplash_pose__pG1u1_iItM.jpg,79.49,good,unsplash_pose_dataset\unsplash_pose__pG1u1_iItM.jpg,ok
unsplash_pose_5oHkbS0pWOs.jpg,79.44,good,unsplash_pose_dataset\unsplash_pose_5oHkbS0pWOs.jpg,ok
unsplash_pose_2ukLqJ0HXXo.jpg,79.41,good,unsplash_pose_dataset\unsplash_pose_2ukLqJ0HXXo.jpg,ok
unsplash_pose_EGst5SvijoU.jpg,79.37,good,unsplash_pose_dataset\unsplash_pose_EGst5SvijoU.jpg,ok
unsplash_pose_VXHnkrf_9lU.jpg,79.36,good,unsplash_pose_dataset\unsplash_pose_VXHnkrf_9lU.jpg,ok
unsplash_pose_eT5iOb6O1Vo.jpg,79.34,good,unsplash_pose_dataset\unsplash_pose_eT5iOb6O1Vo.jpg,ok
unsplash_pose_XOhY21t22I8.jpg,79.32,good,unsplash_pose_dataset\unsplash_pose_XOhY21t22I8.jpg,ok
unsplash_pose_up0R-Z3YezM.jpg,79.31,good,unsplash_pose_dataset\unsplash_pose_up0R-Z3YezM.jpg,ok
unsplash_pose_eMelTR8tcLk.jpg,79.27,good,unsplash_pose_dataset\unsplash_pose_eMelTR8tcLk.jpg,ok
unsplash_pose_bWhd06eTc40.jpg,79.27,good,unsplash_pose_dataset\unsplash_pose_bWhd06eTc40.jpg,ok
unsplash_pose_14VzrS7YhXA.jpg,79.25,good,unsplash_pose_dataset\unsplash_pose_14VzrS7YhXA.jpg,ok
unsplash_pose_na3CUPiuIA8.jpg,79.23,good,unsplash_pose_dataset\unsplash_pose_na3CUPiuIA8.jpg,ok
unsplash_pose__VTfvS3lwrM.jpg,79.23,good,unsplash_pose_dataset\unsplash_pose__VTfvS3lwrM.jpg,ok
unsplash_pose_LvMXRa1KXsk.jpg,79.22,good,unsplash_pose_dataset\unsplash_pose_LvMXRa1KXsk.jpg,ok
unsplash_pose_Hoggg56L_ZY.jpg,79.22,good,unsplash_pose_dataset\unsplash_pose_Hoggg56L_ZY.jpg,ok
unsplash_pose_f9OKW0b51lU.jpg,79.15,good,unsplash_pose_dataset\unsplash_pose_f9OKW0b51lU.jpg,ok
unsplash_pose_jL98atX2jy0.jpg,79.12,good,unsplash_pose_dataset\unsplash_pose_jL98atX2jy0.jpg,ok
unsplash_pose_XBhIsZ5btOY.jpg,79.11,good,unsplash_pose_dataset\unsplash_pose_XBhIsZ5btOY.jpg,ok
unsplash_pose_BkkX3NxNtno.jpg,79.08,good,unsplash_pose_dataset\unsplash_pose_BkkX3NxNtno.jpg,ok
unsplash_pose_j2w7_k3-URw.jpg,79.08,good,unsplash_pose_dataset\unsplash_pose_j2w7_k3-URw.jpg,ok
unsplash_pose_QIC-WJwxm6Q.jpg,79.05,good,unsplash_pose_dataset\unsplash_pose_QIC-WJwxm6Q.jpg,ok
unsplash_pose_Ag1JqqhpBaQ.jpg,79.04,good,unsplash_pose_dataset\unsplash_pose_Ag1JqqhpBaQ.jpg,ok
unsplash_pose_5jB3la5ZS-s.jpg,79.03,good,unsplash_pose_dataset\unsplash_pose_5jB3la5ZS-s.jpg,ok
unsplash_pose_esYNLLtNsgI.jpg,79.02,good,unsplash_pose_dataset\unsplash_pose_esYNLLtNsgI.jpg,ok
unsplash_pose_KK8u2TEU608.jpg,79.02,good,unsplash_pose_dataset\unsplash_pose_KK8u2TEU608.jpg,ok
unsplash_pose_92hEHqNxh8c.jpg,79.0,good,unsplash_pose_dataset\unsplash_pose_92hEHqNxh8c.jpg,ok
unsplash_pose_8IYwyF-P6GA.jpg,78.94,good,unsplash_pose_dataset\unsplash_pose_8IYwyF-P6GA.jpg,ok
unsplash_pose_0Sl5XsIws9M.jpg,78.92,good,unsplash_pose_dataset\unsplash_pose_0Sl5XsIws9M.jpg,ok
unsplash_pose_D928xAkH63A.jpg,78.91,good,unsplash_pose_dataset\unsplash_pose_D928xAkH63A.jpg,ok
unsplash_pose_YTVr69V1fvg.jpg,78.87,good,unsplash_pose_dataset\unsplash_pose_YTVr69V1fvg.jpg,ok
unsplash_pose_Os259VKeVfc.jpg,78.87,good,unsplash_pose_dataset\unsplash_pose_Os259VKeVfc.jpg,ok
unsplash_pose_Ap3UkGCxpsU.jpg,78.87,good,unsplash_pose_dataset\unsplash_pose_Ap3UkGCxpsU.jpg,ok
unsplash_pose_dNV34Z_-08k.jpg,78.86,good,unsplash_pose_dataset\unsplash_pose_dNV34Z_-08k.jpg,ok
unsplash_pose_AVaa-DaklBg.jpg,78.83,good,unsplash_pose_dataset\unsplash_pose_AVaa-DaklBg.jpg,ok
unsplash_pose_WIvfJgaOc20.jpg,78.78,good,unsplash_pose_dataset\unsplash_pose_WIvfJgaOc20.jpg,ok
unsplash_pose_yK8umtiVxKM.jpg,78.78,good,unsplash_pose_dataset\unsplash_pose_yK8umtiVxKM.jpg,ok
unsplash_pose_LY2i06tEyj4.jpg,78.76,good,unsplash_pose_dataset\unsplash_pose_LY2i06tEyj4.jpg,ok
unsplash_pose_QWsXDqB_Yto.jpg,78.73,good,unsplash_pose_dataset\unsplash_pose_QWsXDqB_Yto.jpg,ok
unsplash_pose_2UMSI6QLvqg.jpg,78.67,good,unsplash_pose_dataset\unsplash_pose_2UMSI6QLvqg.jpg,ok
unsplash_pose_UoTnvDT4_z0.jpg,78.66,good,unsplash_pose_dataset\unsplash_pose_UoTnvDT4_z0.jpg,ok
unsplash_pose_hy3dpObX1WA.jpg,78.66,good,unsplash_pose_dataset\unsplash_pose_hy3dpObX1WA.jpg,ok
unsplash_pose_AZ6etXGIKfs.jpg,78.65,good,unsplash_pose_dataset\unsplash_pose_AZ6etXGIKfs.jpg,ok
unsplash_pose_HDHmL_EclDk.jpg,78.61,good,unsplash_pose_dataset\unsplash_pose_HDHmL_EclDk.jpg,ok
unsplash_pose_VddTwjqjd8M.jpg,78.59,good,unsplash_pose_dataset\unsplash_pose_VddTwjqjd8M.jpg,ok
unsplash_pose_z4x--jzyNWQ.jpg,78.58,good,unsplash_pose_dataset\unsplash_pose_z4x--jzyNWQ.jpg,ok
unsplash_pose_GIJG8BTFl3E.jpg,78.57,good,unsplash_pose_dataset\unsplash_pose_GIJG8BTFl3E.jpg,ok
unsplash_pose_x2F6Uh150IQ.jpg,78.57,good,unsplash_pose_dataset\unsplash_pose_x2F6Uh150IQ.jpg,ok
unsplash_pose_TmYPED_M-W0.jpg,78.56,good,unsplash_pose_dataset\unsplash_pose_TmYPED_M-W0.jpg,ok
unsplash_pose_H9tAk3iQWXo.jpg,78.55,good,unsplash_pose_dataset\unsplash_pose_H9tAk3iQWXo.jpg,ok
unsplash_pose_Byk_l3EfVwQ.jpg,78.55,good,unsplash_pose_dataset\unsplash_pose_Byk_l3EfVwQ.jpg,ok
unsplash_pose_uKRhIuGjnXc.jpg,78.55,good,unsplash_pose_dataset\unsplash_pose_uKRhIuGjnXc.jpg,ok
unsplash_pose_yPWYyXPtwlk.jpg,78.54,good,unsplash_pose_dataset\unsplash_pose_yPWYyXPtwlk.jpg,ok
unsplash_pose_0zHquT2lN4M.jpg,78.54,good,unsplash_pose_dataset\unsplash_pose_0zHquT2lN4M.jpg,ok
unsplash_pose_HuBqQMwtDeQ.jpg,78.54,good,unsplash_pose_dataset\unsplash_pose_HuBqQMwtDeQ.jpg,ok
unsplash_pose_rhnv9fssQwU.jpg,78.51,good,unsplash_pose_dataset\unsplash_pose_rhnv9fssQwU.jpg,ok
unsplash_pose_JVItmkXlyJs.jpg,78.5,good,unsplash_pose_dataset\unsplash_pose_JVItmkXlyJs.jpg,ok
unsplash_pose_odkGXkuKCpY.jpg,78.46,good,unsplash_pose_dataset\unsplash_pose_odkGXkuKCpY.jpg,ok
unsplash_pose_IGIPocqT564.jpg,78.43,good,unsplash_pose_dataset\unsplash_pose_IGIPocqT564.jpg,ok
unsplash_pose_CssdhO7k1J0.jpg,78.42,good,unsplash_pose_dataset\unsplash_pose_CssdhO7k1J0.jpg,ok
unsplash_pose_h0YckC3fYQs.jpg,78.41,good,unsplash_pose_dataset\unsplash_pose_h0YckC3fYQs.jpg,ok
unsplash_pose_aH-zTCrSj9U.jpg,78.37,good,unsplash_pose_dataset\unsplash_pose_aH-zTCrSj9U.jpg,ok
unsplash_pose_7S74pZZcpkA.jpg,78.35,good,unsplash_pose_dataset\unsplash_pose_7S74pZZcpkA.jpg,ok
unsplash_pose_h4G52sxYKYA.jpg,78.34,good,unsplash_pose_dataset\unsplash_pose_h4G52sxYKYA.jpg,ok
unsplash_pose_7Ib2VEb4BvE.jpg,78.3,good,unsplash_pose_dataset\unsplash_pose_7Ib2VEb4BvE.jpg,ok
unsplash_pose_aZ9BM1WSKrE.jpg,78.29,good,unsplash_pose_dataset\unsplash_pose_aZ9BM1WSKrE.jpg,ok
unsplash_pose_R-eAer3Mb1w.jpg,78.28,good,unsplash_pose_dataset\unsplash_pose_R-eAer3Mb1w.jpg,ok
unsplash_pose_APKh18wdiKA.jpg,78.26,good,unsplash_pose_dataset\unsplash_pose_APKh18wdiKA.jpg,ok
unsplash_pose_tL2pImUueCw.jpg,78.25,good,unsplash_pose_dataset\unsplash_pose_tL2pImUueCw.jpg,ok
unsplash_pose_agTC2XnrUWk.jpg,78.21,good,unsplash_pose_dataset\unsplash_pose_agTC2XnrUWk.jpg,ok
unsplash_pose__IisnFCVPsk.jpg,78.19,good,unsplash_pose_dataset\unsplash_pose__IisnFCVPsk.jpg,ok
unsplash_pose_UgTKXtLXJ1A.jpg,78.16,good,unsplash_pose_dataset\unsplash_pose_UgTKXtLXJ1A.jpg,ok
unsplash_pose_sguaksg3b3s.jpg,78.16,good,unsplash_pose_dataset\unsplash_pose_sguaksg3b3s.jpg,ok
unsplash_pose_bsH7xTSWC6U.jpg,78.14,good,unsplash_pose_dataset\unsplash_pose_bsH7xTSWC6U.jpg,ok
unsplash_pose_s_-w3PASKQg.jpg,78.13,good,unsplash_pose_dataset\unsplash_pose_s_-w3PASKQg.jpg,ok
unsplash_pose_FVcvLXXyE4o.jpg,78.1,good,unsplash_pose_dataset\unsplash_pose_FVcvLXXyE4o.jpg,ok
unsplash_pose_RWxGAK0QkEA.jpg,78.08,good,unsplash_pose_dataset\unsplash_pose_RWxGAK0QkEA.jpg,ok
unsplash_pose_2eTzGsBVYds.jpg,78.06,good,unsplash_pose_dataset\unsplash_pose_2eTzGsBVYds.jpg,ok
unsplash_pose_GiKdihwmwxg.jpg,78.06,good,unsplash_pose_dataset\unsplash_pose_GiKdihwmwxg.jpg,ok
unsplash_pose_-ghkiTQ89p0.jpg,78.03,good,unsplash_pose_dataset\unsplash_pose_-ghkiTQ89p0.jpg,ok
unsplash_pose_7xwNykYFZ6I.jpg,78.0,good,unsplash_pose_dataset\unsplash_pose_7xwNykYFZ6I.jpg,ok
unsplash_pose_qYCVvPtwMOA.jpg,77.89,good,unsplash_pose_dataset\unsplash_pose_qYCVvPtwMOA.jpg,ok
unsplash_pose_us5AzyhSFkg.jpg,77.89,good,unsplash_pose_dataset\unsplash_pose_us5AzyhSFkg.jpg,ok
unsplash_pose_-kuGwiKF-FM.jpg,77.88,good,unsplash_pose_dataset\unsplash_pose_-kuGwiKF-FM.jpg,ok
unsplash_pose_ZS6wg22gZxA.jpg,77.88,good,unsplash_pose_dataset\unsplash_pose_ZS6wg22gZxA.jpg,ok
unsplash_pose_7LeY-iLn7ak.jpg,77.86,good,unsplash_pose_dataset\unsplash_pose_7LeY-iLn7ak.jpg,ok
unsplash_pose_C6CbYnEdoLA.jpg,77.83,good,unsplash_pose_dataset\unsplash_pose_C6CbYnEdoLA.jpg,ok
unsplash_pose_OVI87oAtSUk.jpg,77.83,good,unsplash_pose_dataset\unsplash_pose_OVI87oAtSUk.jpg,ok
unsplash_pose_HtOW4Fk_B9A.jpg,77.82,good,unsplash_pose_dataset\unsplash_pose_HtOW4Fk_B9A.jpg,ok
unsplash_pose_z-TnxYdKwpw.jpg,77.8,good,unsplash_pose_dataset\unsplash_pose_z-TnxYdKwpw.jpg,ok
unsplash_pose_sjOeDC7Edqg.jpg,77.79,good,unsplash_pose_dataset\unsplash_pose_sjOeDC7Edqg.jpg,ok
unsplash_pose_PGRf_LGj3tQ.jpg,77.78,good,unsplash_pose_dataset\unsplash_pose_PGRf_LGj3tQ.jpg,ok
unsplash_pose_dw24v_4NrOs.jpg,77.78,good,unsplash_pose_dataset\unsplash_pose_dw24v_4NrOs.jpg,ok
unsplash_pose_0ND704R7-fM.jpg,77.75,good,unsplash_pose_dataset\unsplash_pose_0ND704R7-fM.jpg,ok
unsplash_pose_7b3L-jeNPK0.jpg,77.72,good,unsplash_pose_dataset\unsplash_pose_7b3L-jeNPK0.jpg,ok
unsplash_pose_sTe7YlrIBLo.jpg,77.71,good,unsplash_pose_dataset\unsplash_pose_sTe7YlrIBLo.jpg,ok
unsplash_pose_RUj3EL4JmEg.jpg,77.71,good,unsplash_pose_dataset\unsplash_pose_RUj3EL4JmEg.jpg,ok
unsplash_pose_H8xyKurwUgo.jpg,77.66,good,unsplash_pose_dataset\unsplash_pose_H8xyKurwUgo.jpg,ok
unsplash_pose_AQHw0SuL_oA.jpg,77.64,good,unsplash_pose_dataset\unsplash_pose_AQHw0SuL_oA.jpg,ok
unsplash_pose_rRr27DJdsp4.jpg,77.62,good,unsplash_pose_dataset\unsplash_pose_rRr27DJdsp4.jpg,ok
unsplash_pose_Abj10oLWN6I.jpg,77.62,good,unsplash_pose_dataset\unsplash_pose_Abj10oLWN6I.jpg,ok
unsplash_pose_wi0sFvy6NJc.jpg,77.61,good,unsplash_pose_dataset\unsplash_pose_wi0sFvy6NJc.jpg,ok
unsplash_pose_qyqOPpWKJEE.jpg,77.61,good,unsplash_pose_dataset\unsplash_pose_qyqOPpWKJEE.jpg,ok
unsplash_pose_SIgsL94vdyw.jpg,77.6,good,unsplash_pose_dataset\unsplash_pose_SIgsL94vdyw.jpg,ok
unsplash_pose_CG2vhRNwSJ8.jpg,77.6,good,unsplash_pose_dataset\unsplash_pose_CG2vhRNwSJ8.jpg,ok
unsplash_pose_E0uEgfRWplk.jpg,77.58,good,unsplash_pose_dataset\unsplash_pose_E0uEgfRWplk.jpg,ok
unsplash_pose_zTRQJpRKnrs.jpg,77.58,good,unsplash_pose_dataset\unsplash_pose_zTRQJpRKnrs.jpg,ok
unsplash_pose_E3ccNZ6hva0.jpg,77.54,good,unsplash_pose_dataset\unsplash_pose_E3ccNZ6hva0.jpg,ok
unsplash_pose_0ZbvZf40qXk.jpg,77.53,good,unsplash_pose_dataset\unsplash_pose_0ZbvZf40qXk.jpg,ok
unsplash_pose_eOnFVOETHig.jpg,77.5,good,unsplash_pose_dataset\unsplash_pose_eOnFVOETHig.jpg,ok
unsplash_pose_53ILdjMnT9I.jpg,77.49,good,unsplash_pose_dataset\unsplash_pose_53ILdjMnT9I.jpg,ok
unsplash_pose_5wIZx6ZGc2w.jpg,77.49,good,unsplash_pose_dataset\unsplash_pose_5wIZx6ZGc2w.jpg,ok
unsplash_pose_upWVjv5lcKQ.jpg,77.48,good,unsplash_pose_dataset\unsplash_pose_upWVjv5lcKQ.jpg,ok
unsplash_pose_9inE0zHLHss.jpg,77.46,good,unsplash_pose_dataset\unsplash_pose_9inE0zHLHss.jpg,ok
unsplash_pose_fYJLTX4BRu0.jpg,77.46,good,unsplash_pose_dataset\unsplash_pose_fYJLTX4BRu0.jpg,ok
unsplash_pose_5FL9DVBl9W8.jpg,77.46,good,unsplash_pose_dataset\unsplash_pose_5FL9DVBl9W8.jpg,ok
unsplash_pose_8Fe3Wz2rQ7s.jpg,77.45,good,unsplash_pose_dataset\unsplash_pose_8Fe3Wz2rQ7s.jpg,ok
unsplash_pose_UeEPugZX__o.jpg,77.38,good,unsplash_pose_dataset\unsplash_pose_UeEPugZX__o.jpg,ok
unsplash_pose_BCWFkdANJZI.jpg,77.38,good,unsplash_pose_dataset\unsplash_pose_BCWFkdANJZI.jpg,ok
unsplash_pose_MwLkSLTZymw.jpg,77.35,good,unsplash_pose_dataset\unsplash_pose_MwLkSLTZymw.jpg,ok
unsplash_pose_CXGQwRYKdN8.jpg,77.3,good,unsplash_pose_dataset\unsplash_pose_CXGQwRYKdN8.jpg,ok
unsplash_pose_HXWv35a0NqY.jpg,77.29,good,unsplash_pose_dataset\unsplash_pose_HXWv35a0NqY.jpg,ok
unsplash_pose_ZNqvhM9mHBo.jpg,77.29,good,unsplash_pose_dataset\unsplash_pose_ZNqvhM9mHBo.jpg,ok
unsplash_pose__7jpC5a8h5s.jpg,77.26,good,unsplash_pose_dataset\unsplash_pose__7jpC5a8h5s.jpg,ok
unsplash_pose_IZrrk6Ku0cU.jpg,77.24,good,unsplash_pose_dataset\unsplash_pose_IZrrk6Ku0cU.jpg,ok
unsplash_pose_slvqjv4eDWw.jpg,77.24,good,unsplash_pose_dataset\unsplash_pose_slvqjv4eDWw.jpg,ok
unsplash_pose_x8JAJbJe_y4.jpg,77.21,good,unsplash_pose_dataset\unsplash_pose_x8JAJbJe_y4.jpg,ok
unsplash_pose_r8CrUqBAqwY.jpg,77.21,good,unsplash_pose_dataset\unsplash_pose_r8CrUqBAqwY.jpg,ok
unsplash_pose_qpgfJWn3oWY.jpg,77.2,good,unsplash_pose_dataset\unsplash_pose_qpgfJWn3oWY.jpg,ok
unsplash_pose_WLEgl7AiqV0.jpg,77.2,good,unsplash_pose_dataset\unsplash_pose_WLEgl7AiqV0.jpg,ok
unsplash_pose_U3cCIwCSQ6k.jpg,77.13,good,unsplash_pose_dataset\unsplash_pose_U3cCIwCSQ6k.jpg,ok
unsplash_pose_nYcOglHhRTo.jpg,77.13,good,unsplash_pose_dataset\unsplash_pose_nYcOglHhRTo.jpg,ok
unsplash_pose_TvCAqUFAMMs.jpg,77.12,good,unsplash_pose_dataset\unsplash_pose_TvCAqUFAMMs.jpg,ok
unsplash_pose_2_OZchfc3vM.jpg,77.11,good,unsplash_pose_dataset\unsplash_pose_2_OZchfc3vM.jpg,ok
unsplash_pose_IG3yvVJMveY.jpg,77.1,good,unsplash_pose_dataset\unsplash_pose_IG3yvVJMveY.jpg,ok
unsplash_pose_qzgJEKM-5wk.jpg,77.09,good,unsplash_pose_dataset\unsplash_pose_qzgJEKM-5wk.jpg,ok
unsplash_pose_MILR4OugvUg.jpg,77.04,good,unsplash_pose_dataset\unsplash_pose_MILR4OugvUg.jpg,ok
unsplash_pose_qEeY3JIC6VQ.jpg,77.04,good,unsplash_pose_dataset\unsplash_pose_qEeY3JIC6VQ.jpg,ok
unsplash_pose_0SNiTuvzTt0.jpg,77.02,good,unsplash_pose_dataset\unsplash_pose_0SNiTuvzTt0.jpg,ok
unsplash_pose_CizO8G21Hhc.jpg,76.98,good,unsplash_pose_dataset\unsplash_pose_CizO8G21Hhc.jpg,ok
unsplash_pose_EVUfkusD3a0.jpg,76.97,good,unsplash_pose_dataset\unsplash_pose_EVUfkusD3a0.jpg,ok
unsplash_pose_xrUlUXpHRJA.jpg,76.97,good,unsplash_pose_dataset\unsplash_pose_xrUlUXpHRJA.jpg,ok
unsplash_pose_ga10ZiumpIM.jpg,76.96,good,unsplash_pose_dataset\unsplash_pose_ga10ZiumpIM.jpg,ok
unsplash_pose_u5LMun-T95Y.jpg,76.96,good,unsplash_pose_dataset\unsplash_pose_u5LMun-T95Y.jpg,ok
unsplash_pose_W_7WgFzAPTc.jpg,76.9,good,unsplash_pose_dataset\unsplash_pose_W_7WgFzAPTc.jpg,ok
unsplash_pose_EuNgCjSWPmA.jpg,76.81,good,unsplash_pose_dataset\unsplash_pose_EuNgCjSWPmA.jpg,ok
unsplash_pose_1r2ozYV9OSQ.jpg,76.8,good,unsplash_pose_dataset\unsplash_pose_1r2ozYV9OSQ.jpg,ok
unsplash_pose_upPqL4tLhUY.jpg,76.79,good,unsplash_pose_dataset\unsplash_pose_upPqL4tLhUY.jpg,ok
unsplash_pose_NtwU4bI7k1o.jpg,76.78,good,unsplash_pose_dataset\unsplash_pose_NtwU4bI7k1o.jpg,ok
unsplash_pose_DAwehHP90o0.jpg,76.77,good,unsplash_pose_dataset\unsplash_pose_DAwehHP90o0.jpg,ok
unsplash_pose_qX30kGf7Zb4.jpg,76.76,good,unsplash_pose_dataset\unsplash_pose_qX30kGf7Zb4.jpg,ok
unsplash_pose_UKQAh-HQuNc.jpg,76.76,good,unsplash_pose_dataset\unsplash_pose_UKQAh-HQuNc.jpg,ok
unsplash_pose_BkvpZfXo8NA.jpg,76.74,good,unsplash_pose_dataset\unsplash_pose_BkvpZfXo8NA.jpg,ok
unsplash_pose_Gp2jv_GNokM.jpg,76.72,good,unsplash_pose_dataset\unsplash_pose_Gp2jv_GNokM.jpg,ok
unsplash_pose_5k5CKVBMcF0.jpg,76.71,good,unsplash_pose_dataset\unsplash_pose_5k5CKVBMcF0.jpg,ok
unsplash_pose_HP4aOPwmIc0.jpg,76.7,good,unsplash_pose_dataset\unsplash_pose_HP4aOPwmIc0.jpg,ok
unsplash_pose_xEpTXR4Du24.jpg,76.67,good,unsplash_pose_dataset\unsplash_pose_xEpTXR4Du24.jpg,ok
unsplash_pose_veKtl4Ez3aE.jpg,76.63,good,unsplash_pose_dataset\unsplash_pose_veKtl4Ez3aE.jpg,ok
unsplash_pose_aWX3iFHSl9A.jpg,76.62,good,unsplash_pose_dataset\unsplash_pose_aWX3iFHSl9A.jpg,ok
unsplash_pose_piMmy8CSYDE.jpg,76.59,good,unsplash_pose_dataset\unsplash_pose_piMmy8CSYDE.jpg,ok
unsplash_pose_74Z2INf7zmQ.jpg,76.57,good,unsplash_pose_dataset\unsplash_pose_74Z2INf7zmQ.jpg,ok
unsplash_pose_LnIQV-p1N-k.jpg,76.53,good,unsplash_pose_dataset\unsplash_pose_LnIQV-p1N-k.jpg,ok
unsplash_pose_Ki_bQNT1eiM.jpg,76.52,good,unsplash_pose_dataset\unsplash_pose_Ki_bQNT1eiM.jpg,ok
unsplash_pose_qeY6cAsCvTs.jpg,76.52,good,unsplash_pose_dataset\unsplash_pose_qeY6cAsCvTs.jpg,ok
unsplash_pose_jauRVgYUl0Q.jpg,76.49,good,unsplash_pose_dataset\unsplash_pose_jauRVgYUl0Q.jpg,ok
unsplash_pose_XbKy8oZ0uvI.jpg,76.44,good,unsplash_pose_dataset\unsplash_pose_XbKy8oZ0uvI.jpg,ok
unsplash_pose_0QNSNGmungI.jpg,76.42,good,unsplash_pose_dataset\unsplash_pose_0QNSNGmungI.jpg,ok
unsplash_pose_l8Hc9FEKpIo.jpg,76.4,good,unsplash_pose_dataset\unsplash_pose_l8Hc9FEKpIo.jpg,ok
unsplash_pose__81qIVANhro.jpg,76.34,good,unsplash_pose_dataset\unsplash_pose__81qIVANhro.jpg,ok
unsplash_pose_CgwF-FhRkvs.jpg,76.29,good,unsplash_pose_dataset\unsplash_pose_CgwF-FhRkvs.jpg,ok
unsplash_pose_iBes0MKh1rg.jpg,76.28,good,unsplash_pose_dataset\unsplash_pose_iBes0MKh1rg.jpg,ok
unsplash_pose_TOZvwI2oZfw.jpg,76.28,good,unsplash_pose_dataset\unsplash_pose_TOZvwI2oZfw.jpg,ok
unsplash_pose_O8SuPkzq_8E.jpg,76.23,good,unsplash_pose_dataset\unsplash_pose_O8SuPkzq_8E.jpg,ok
unsplash_pose_7cKp2sZWptg.jpg,76.23,good,unsplash_pose_dataset\unsplash_pose_7cKp2sZWptg.jpg,ok
unsplash_pose_DRolt9B5nlU.jpg,76.21,good,unsplash_pose_dataset\unsplash_pose_DRolt9B5nlU.jpg,ok
unsplash_pose_cWAPyhb9faM.jpg,76.21,good,unsplash_pose_dataset\unsplash_pose_cWAPyhb9faM.jpg,ok
unsplash_pose_pQ1Ylqc1ytE.jpg,76.18,good,unsplash_pose_dataset\unsplash_pose_pQ1Ylqc1ytE.jpg,ok
unsplash_pose_aiL8fWvhtsg.jpg,76.15,good,unsplash_pose_dataset\unsplash_pose_aiL8fWvhtsg.jpg,ok
unsplash_pose_wQX5VViR67Q.jpg,76.15,good,unsplash_pose_dataset\unsplash_pose_wQX5VViR67Q.jpg,ok
unsplash_pose_Ni-Oq5yojco.jpg,76.08,good,unsplash_pose_dataset\unsplash_pose_Ni-Oq5yojco.jpg,ok
unsplash_pose_C5DxZbuQvf8.jpg,76.07,good,unsplash_pose_dataset\unsplash_pose_C5DxZbuQvf8.jpg,ok
unsplash_pose_inpLoD-KrPg.jpg,76.07,good,unsplash_pose_dataset\unsplash_pose_inpLoD-KrPg.jpg,ok
unsplash_pose_IaEXpuB8_c0.jpg,76.07,good,unsplash_pose_dataset\unsplash_pose_IaEXpuB8_c0.jpg,ok
unsplash_pose_YfBMb4LjPnU.jpg,76.03,good,unsplash_pose_dataset\unsplash_pose_YfBMb4LjPnU.jpg,ok
unsplash_pose_KifdLXdT7aQ.jpg,75.99,good,unsplash_pose_dataset\unsplash_pose_KifdLXdT7aQ.jpg,ok
unsplash_pose_XSFIz3cSc-A.jpg,75.98,good,unsplash_pose_dataset\unsplash_pose_XSFIz3cSc-A.jpg,ok
unsplash_pose_vVRjvi-fnXc.jpg,75.96,good,unsplash_pose_dataset\unsplash_pose_vVRjvi-fnXc.jpg,ok
unsplash_pose_7QM03USBHYs.jpg,75.96,good,unsplash_pose_dataset\unsplash_pose_7QM03USBHYs.jpg,ok
unsplash_pose_5uHsuWoj-8U.jpg,75.95,good,unsplash_pose_dataset\unsplash_pose_5uHsuWoj-8U.jpg,ok
unsplash_pose_r46BaPcWP3Q.jpg,75.9,good,unsplash_pose_dataset\unsplash_pose_r46BaPcWP3Q.jpg,ok
unsplash_pose_Rrr8TjQodok.jpg,75.88,good,unsplash_pose_dataset\unsplash_pose_Rrr8TjQodok.jpg,ok
unsplash_pose_FERMYyzr-ds.jpg,75.84,good,unsplash_pose_dataset\unsplash_pose_FERMYyzr-ds.jpg,ok
unsplash_pose_AmuUryisd1E.jpg,75.83,good,unsplash_pose_dataset\unsplash_pose_AmuUryisd1E.jpg,ok
unsplash_pose_qRj9Wg6de2M.jpg,75.83,good,unsplash_pose_dataset\unsplash_pose_qRj9Wg6de2M.jpg,ok
unsplash_pose_gMveWNqajGw.jpg,75.8,good,unsplash_pose_dataset\unsplash_pose_gMveWNqajGw.jpg,ok
unsplash_pose_mKUmiAzBK54.jpg,75.8,good,unsplash_pose_dataset\unsplash_pose_mKUmiAzBK54.jpg,ok
unsplash_pose_m1u8fVqalZw.jpg,75.79,good,unsplash_pose_dataset\unsplash_pose_m1u8fVqalZw.jpg,ok
unsplash_pose_HDE_k0SlSLw.jpg,75.77,good,unsplash_pose_dataset\unsplash_pose_HDE_k0SlSLw.jpg,ok
unsplash_pose_FZYbvW289mI.jpg,75.76,good,unsplash_pose_dataset\unsplash_pose_FZYbvW289mI.jpg,ok
unsplash_pose_itdQzEnWg9o.jpg,75.75,good,unsplash_pose_dataset\unsplash_pose_itdQzEnWg9o.jpg,ok
unsplash_pose_sHIH0vLa-jo.jpg,75.74,good,unsplash_pose_dataset\unsplash_pose_sHIH0vLa-jo.jpg,ok
unsplash_pose_ST7I8deWGo8.jpg,75.74,good,unsplash_pose_dataset\unsplash_pose_ST7I8deWGo8.jpg,ok
unsplash_pose_icccDZlqLf8.jpg,75.7,good,unsplash_pose_dataset\unsplash_pose_icccDZlqLf8.jpg,ok
unsplash_pose_mWptdNP9j9A.jpg,75.67,good,unsplash_pose_dataset\unsplash_pose_mWptdNP9j9A.jpg,ok
unsplash_pose_D6NcQnXAZSQ.jpg,75.62,good,unsplash_pose_dataset\unsplash_pose_D6NcQnXAZSQ.jpg,ok
unsplash_pose_29NoTCd7MT8.jpg,75.52,good,unsplash_pose_dataset\unsplash_pose_29NoTCd7MT8.jpg,ok
unsplash_pose_rwm1I-5Fk4I.jpg,75.51,good,unsplash_pose_dataset\unsplash_pose_rwm1I-5Fk4I.jpg,ok
unsplash_pose_UNNpki_WfSE.jpg,75.46,good,unsplash_pose_dataset\unsplash_pose_UNNpki_WfSE.jpg,ok
unsplash_pose_1aklPrd5wiY.jpg,75.45,good,unsplash_pose_dataset\unsplash_pose_1aklPrd5wiY.jpg,ok
unsplash_pose_jY7nPBhD4AQ.jpg,75.45,good,unsplash_pose_dataset\unsplash_pose_jY7nPBhD4AQ.jpg,ok
unsplash_pose_231fuqmO4yM.jpg,75.42,good,unsplash_pose_dataset\unsplash_pose_231fuqmO4yM.jpg,ok
unsplash_pose_evZP-DJgE-8.jpg,75.39,good,unsplash_pose_dataset\unsplash_pose_evZP-DJgE-8.jpg,ok
unsplash_pose_UlaHc4h1t4s.jpg,75.38,good,unsplash_pose_dataset\unsplash_pose_UlaHc4h1t4s.jpg,ok
unsplash_pose_aB2XTK9tGCU.jpg,75.38,good,unsplash_pose_dataset\unsplash_pose_aB2XTK9tGCU.jpg,ok
unsplash_pose_15S-CoAxdMA.jpg,75.34,good,unsplash_pose_dataset\unsplash_pose_15S-CoAxdMA.jpg,ok
unsplash_pose_K9yz7Xzmi08.jpg,75.34,good,unsplash_pose_dataset\unsplash_pose_K9yz7Xzmi08.jpg,ok
unsplash_pose_SaRIGOQxyiI.jpg,75.33,good,unsplash_pose_dataset\unsplash_pose_SaRIGOQxyiI.jpg,ok
unsplash_pose_N4r94qRze9c.jpg,75.33,good,unsplash_pose_dataset\unsplash_pose_N4r94qRze9c.jpg,ok
unsplash_pose_RfCP0sAbqwM.jpg,75.31,good,unsplash_pose_dataset\unsplash_pose_RfCP0sAbqwM.jpg,ok
unsplash_pose_0-twJ1MOTuE.jpg,75.28,good,unsplash_pose_dataset\unsplash_pose_0-twJ1MOTuE.jpg,ok
unsplash_pose_U4cPrYNtvXk.jpg,75.27,good,unsplash_pose_dataset\unsplash_pose_U4cPrYNtvXk.jpg,ok
unsplash_pose_bCudC72v2Ig.jpg,75.26,good,unsplash_pose_dataset\unsplash_pose_bCudC72v2Ig.jpg,ok
unsplash_pose_PLn0y_OMmgk.jpg,75.25,good,unsplash_pose_dataset\unsplash_pose_PLn0y_OMmgk.jpg,ok
unsplash_pose_Zwb2EAhVKc4.jpg,75.21,good,unsplash_pose_dataset\unsplash_pose_Zwb2EAhVKc4.jpg,ok
unsplash_pose_JweJjQ_U4JQ.jpg,75.2,good,unsplash_pose_dataset\unsplash_pose_JweJjQ_U4JQ.jpg,ok
unsplash_pose_aXbcxhYBF-Y.jpg,75.2,good,unsplash_pose_dataset\unsplash_pose_aXbcxhYBF-Y.jpg,ok
unsplash_pose_hxVs-NOIsJo.jpg,75.14,good,unsplash_pose_dataset\unsplash_pose_hxVs-NOIsJo.jpg,ok
unsplash_pose_jNdgn418r64.jpg,75.13,good,unsplash_pose_dataset\unsplash_pose_jNdgn418r64.jpg,ok
unsplash_pose_rcQlTeB5jCw.jpg,75.09,good,unsplash_pose_dataset\unsplash_pose_rcQlTeB5jCw.jpg,ok
unsplash_pose_CNmAYp-bBvc.jpg,75.09,good,unsplash_pose_dataset\unsplash_pose_CNmAYp-bBvc.jpg,ok
unsplash_pose_OEN2mZo7JAA.jpg,75.08,good,unsplash_pose_dataset\unsplash_pose_OEN2mZo7JAA.jpg,ok
unsplash_pose_A98K3weWKoI.jpg,75.08,good,unsplash_pose_dataset\unsplash_pose_A98K3weWKoI.jpg,ok
unsplash_pose_4HNHDhvug4c.jpg,75.07,good,unsplash_pose_dataset\unsplash_pose_4HNHDhvug4c.jpg,ok
unsplash_pose_gRDQGngBZuw.jpg,75.06,good,unsplash_pose_dataset\unsplash_pose_gRDQGngBZuw.jpg,ok
unsplash_pose_blHAbQScLLE.jpg,75.05,good,unsplash_pose_dataset\unsplash_pose_blHAbQScLLE.jpg,ok
unsplash_pose_RWsL-GjAAbs.jpg,75.05,good,unsplash_pose_dataset\unsplash_pose_RWsL-GjAAbs.jpg,ok
unsplash_pose_uioN71Xj-c4.jpg,75.02,good,unsplash_pose_dataset\unsplash_pose_uioN71Xj-c4.jpg,ok
unsplash_pose_Q4t1YTTtCew.jpg,75.02,good,unsplash_pose_dataset\unsplash_pose_Q4t1YTTtCew.jpg,ok
unsplash_pose_uF2zf7iJjfY.jpg,75.01,good,unsplash_pose_dataset\unsplash_pose_uF2zf7iJjfY.jpg,ok
unsplash_pose_aLLgntZ8zSM.jpg,74.99,good,unsplash_pose_dataset\unsplash_pose_aLLgntZ8zSM.jpg,ok
unsplash_pose_Cg5UFyw22EE.jpg,74.93,good,unsplash_pose_dataset\unsplash_pose_Cg5UFyw22EE.jpg,ok
unsplash_pose_SDdavpWKbTY.jpg,74.92,good,unsplash_pose_dataset\unsplash_pose_SDdavpWKbTY.jpg,ok
unsplash_pose_Nb_FUwr9C2I.jpg,74.91,good,unsplash_pose_dataset\unsplash_pose_Nb_FUwr9C2I.jpg,ok
unsplash_pose_9COlBDwihI4.jpg,74.87,good,unsplash_pose_dataset\unsplash_pose_9COlBDwihI4.jpg,ok
unsplash_pose_oS6hd8SPBd0.jpg,74.84,good,unsplash_pose_dataset\unsplash_pose_oS6hd8SPBd0.jpg,ok
unsplash_pose_9m5K7KXEkhI.jpg,74.84,good,unsplash_pose_dataset\unsplash_pose_9m5K7KXEkhI.jpg,ok
unsplash_pose_SjPDynsoFi0.jpg,74.84,good,unsplash_pose_dataset\unsplash_pose_SjPDynsoFi0.jpg,ok
unsplash_pose_iZNDcwUHs24.jpg,74.76,good,unsplash_pose_dataset\unsplash_pose_iZNDcwUHs24.jpg,ok
unsplash_pose_eau9_eLaxXM.jpg,74.75,good,unsplash_pose_dataset\unsplash_pose_eau9_eLaxXM.jpg,ok
unsplash_pose_1WkSt6YPC0Y.jpg,74.73,good,unsplash_pose_dataset\unsplash_pose_1WkSt6YPC0Y.jpg,ok
unsplash_pose_jDnOfwHO3eg.jpg,74.69,good,unsplash_pose_dataset\unsplash_pose_jDnOfwHO3eg.jpg,ok
unsplash_pose_Jqhn2OCGj-g.jpg,74.69,good,unsplash_pose_dataset\unsplash_pose_Jqhn2OCGj-g.jpg,ok
unsplash_pose_KNK17qOk8BM.jpg,74.67,good,unsplash_pose_dataset\unsplash_pose_KNK17qOk8BM.jpg,ok
unsplash_pose_2xSohGBM9XE.jpg,74.64,good,unsplash_pose_dataset\unsplash_pose_2xSohGBM9XE.jpg,ok
unsplash_pose_BohvY5Apv3Y.jpg,74.63,good,unsplash_pose_dataset\unsplash_pose_BohvY5Apv3Y.jpg,ok
unsplash_pose_17fjH15e76I.jpg,74.59,good,unsplash_pose_dataset\unsplash_pose_17fjH15e76I.jpg,ok
unsplash_pose_32S-El9G_ow.jpg,74.58,good,unsplash_pose_dataset\unsplash_pose_32S-El9G_ow.jpg,ok
unsplash_pose_iLgwZYGySsU.jpg,74.57,good,unsplash_pose_dataset\unsplash_pose_iLgwZYGySsU.jpg,ok
unsplash_pose_VpUyO2x-jR0.jpg,74.47,good,unsplash_pose_dataset\unsplash_pose_VpUyO2x-jR0.jpg,ok
unsplash_pose_2H3p5JqK46g.jpg,74.46,good,unsplash_pose_dataset\unsplash_pose_2H3p5JqK46g.jpg,ok
unsplash_pose_kUUoN5ngHIM.jpg,74.42,good,unsplash_pose_dataset\unsplash_pose_kUUoN5ngHIM.jpg,ok
unsplash_pose_2e5489NaePY.jpg,74.35,good,unsplash_pose_dataset\unsplash_pose_2e5489NaePY.jpg,ok
unsplash_pose_-egxLPiE_Ns.jpg,74.34,good,unsplash_pose_dataset\unsplash_pose_-egxLPiE_Ns.jpg,ok
unsplash_pose_jmX-Bn2vr24.jpg,74.32,good,unsplash_pose_dataset\unsplash_pose_jmX-Bn2vr24.jpg,ok
unsplash_pose_XbEPjyhUS8w.jpg,74.32,good,unsplash_pose_dataset\unsplash_pose_XbEPjyhUS8w.jpg,ok
unsplash_pose_Y92OI5D-cvM.jpg,74.29,good,unsplash_pose_dataset\unsplash_pose_Y92OI5D-cvM.jpg,ok
unsplash_pose_s15qiB36NRo.jpg,74.24,good,unsplash_pose_dataset\unsplash_pose_s15qiB36NRo.jpg,ok
unsplash_pose_vgqTH5STxzc.jpg,74.22,good,unsplash_pose_dataset\unsplash_pose_vgqTH5STxzc.jpg,ok
unsplash_pose_HsM3EfTIv48.jpg,74.22,good,unsplash_pose_dataset\unsplash_pose_HsM3EfTIv48.jpg,ok
unsplash_pose_amNMmZISS6Q.jpg,74.2,good,unsplash_pose_dataset\unsplash_pose_amNMmZISS6Q.jpg,ok
unsplash_pose_Vkdq9pfXay0.jpg,74.17,good,unsplash_pose_dataset\unsplash_pose_Vkdq9pfXay0.jpg,ok
unsplash_pose_1IB4yn96r5g.jpg,74.15,good,unsplash_pose_dataset\unsplash_pose_1IB4yn96r5g.jpg,ok
unsplash_pose_ThZwoUcVQM4.jpg,74.14,good,unsplash_pose_dataset\unsplash_pose_ThZwoUcVQM4.jpg,ok
unsplash_pose_VCrlw14bA3o.jpg,74.11,good,unsplash_pose_dataset\unsplash_pose_VCrlw14bA3o.jpg,ok
unsplash_pose_KOyHBlqKUL0.jpg,74.09,good,unsplash_pose_dataset\unsplash_pose_KOyHBlqKUL0.jpg,ok
unsplash_pose_UF4rgG23lM0.jpg,74.05,good,unsplash_pose_dataset\unsplash_pose_UF4rgG23lM0.jpg,ok
unsplash_pose_vEnfd_lRChM.jpg,74.05,good,unsplash_pose_dataset\unsplash_pose_vEnfd_lRChM.jpg,ok
unsplash_pose_1_19E6-l9ng.jpg,74.04,good,unsplash_pose_dataset\unsplash_pose_1_19E6-l9ng.jpg,ok
unsplash_pose_cbDCvH6TGXE.jpg,74.03,good,unsplash_pose_dataset\unsplash_pose_cbDCvH6TGXE.jpg,ok
unsplash_pose_IB75p73dVRo.jpg,74.03,good,unsplash_pose_dataset\unsplash_pose_IB75p73dVRo.jpg,ok
unsplash_pose_q9DBfcagozU.jpg,74.02,good,unsplash_pose_dataset\unsplash_pose_q9DBfcagozU.jpg,ok
unsplash_pose_JhBnckkM3KY.jpg,74.02,good,unsplash_pose_dataset\unsplash_pose_JhBnckkM3KY.jpg,ok
unsplash_pose_jCLM8SE2aL8.jpg,73.99,good,unsplash_pose_dataset\unsplash_pose_jCLM8SE2aL8.jpg,ok
unsplash_pose_Q6I762j66PI.jpg,73.98,good,unsplash_pose_dataset\unsplash_pose_Q6I762j66PI.jpg,ok
unsplash_pose_gWB6tfQBGrQ.jpg,73.97,good,unsplash_pose_dataset\unsplash_pose_gWB6tfQBGrQ.jpg,ok
unsplash_pose_k749qF2fe8k.jpg,73.94,good,unsplash_pose_dataset\unsplash_pose_k749qF2fe8k.jpg,ok
unsplash_pose_N70f4ebpm0c.jpg,73.91,good,unsplash_pose_dataset\unsplash_pose_N70f4ebpm0c.jpg,ok
unsplash_pose_05_eR8feuAo.jpg,73.86,good,unsplash_pose_dataset\unsplash_pose_05_eR8feuAo.jpg,ok
unsplash_pose_c5l3UCj_pAY.jpg,73.84,good,unsplash_pose_dataset\unsplash_pose_c5l3UCj_pAY.jpg,ok
unsplash_pose_NoFaORI922s.jpg,73.79,good,unsplash_pose_dataset\unsplash_pose_NoFaORI922s.jpg,ok
unsplash_pose_2VpJsf46s60.jpg,73.76,good,unsplash_pose_dataset\unsplash_pose_2VpJsf46s60.jpg,ok
unsplash_pose_9dQIO9w9X5s.jpg,73.65,good,unsplash_pose_dataset\unsplash_pose_9dQIO9w9X5s.jpg,ok
unsplash_pose_3tb4nAinmus.jpg,73.62,good,unsplash_pose_dataset\unsplash_pose_3tb4nAinmus.jpg,ok
unsplash_pose_jGTCstA3Bpc.jpg,73.55,good,unsplash_pose_dataset\unsplash_pose_jGTCstA3Bpc.jpg,ok
unsplash_pose_EjgY_3qIE-0.jpg,73.54,good,unsplash_pose_dataset\unsplash_pose_EjgY_3qIE-0.jpg,ok
unsplash_pose_p-f7vhgatIk.jpg,73.53,good,unsplash_pose_dataset\unsplash_pose_p-f7vhgatIk.jpg,ok
unsplash_pose_pWcwsv1gshE.jpg,73.38,good,unsplash_pose_dataset\unsplash_pose_pWcwsv1gshE.jpg,ok
unsplash_pose_VSUoIOHtCzE.jpg,73.34,good,unsplash_pose_dataset\unsplash_pose_VSUoIOHtCzE.jpg,ok
unsplash_pose_O_uqVZSdFq8.jpg,73.33,good,unsplash_pose_dataset\unsplash_pose_O_uqVZSdFq8.jpg,ok
unsplash_pose_VyKR684Roqo.jpg,73.32,good,unsplash_pose_dataset\unsplash_pose_VyKR684Roqo.jpg,ok
unsplash_pose_lIiOG6wM2p0.jpg,73.26,good,unsplash_pose_dataset\unsplash_pose_lIiOG6wM2p0.jpg,ok
unsplash_pose_IgU-TiiC1Ao.jpg,73.22,good,unsplash_pose_dataset\unsplash_pose_IgU-TiiC1Ao.jpg,ok
unsplash_pose_UIjwbYTJsTs.jpg,73.21,good,unsplash_pose_dataset\unsplash_pose_UIjwbYTJsTs.jpg,ok
unsplash_pose_zsQUsCrf7V8.jpg,73.21,good,unsplash_pose_dataset\unsplash_pose_zsQUsCrf7V8.jpg,ok
unsplash_pose_73qsGSEFikg.jpg,73.17,good,unsplash_pose_dataset\unsplash_pose_73qsGSEFikg.jpg,ok
unsplash_pose_8Ht_ZpQSu3w.jpg,73.15,good,unsplash_pose_dataset\unsplash_pose_8Ht_ZpQSu3w.jpg,ok
unsplash_pose_S0sV3wOzOYM.jpg,73.11,good,unsplash_pose_dataset\unsplash_pose_S0sV3wOzOYM.jpg,ok
unsplash_pose_hfRNp9DzNw4.jpg,73.11,good,unsplash_pose_dataset\unsplash_pose_hfRNp9DzNw4.jpg,ok
unsplash_pose_Vk6awjFYYxA.jpg,73.08,good,unsplash_pose_dataset\unsplash_pose_Vk6awjFYYxA.jpg,ok
unsplash_pose_UYw-S5v49K0.jpg,73.07,good,unsplash_pose_dataset\unsplash_pose_UYw-S5v49K0.jpg,ok
unsplash_pose_OBAz7StoYTw.jpg,73.07,good,unsplash_pose_dataset\unsplash_pose_OBAz7StoYTw.jpg,ok
unsplash_pose_2Unrul41_fo.jpg,73.0,good,unsplash_pose_dataset\unsplash_pose_2Unrul41_fo.jpg,ok
unsplash_pose_axL7CZYjWfw.jpg,72.94,good,unsplash_pose_dataset\unsplash_pose_axL7CZYjWfw.jpg,ok
unsplash_pose_8YqmHFleFwQ.jpg,72.9,good,unsplash_pose_dataset\unsplash_pose_8YqmHFleFwQ.jpg,ok
unsplash_pose_rShFFZy93Ig.jpg,72.88,good,unsplash_pose_dataset\unsplash_pose_rShFFZy93Ig.jpg,ok
unsplash_pose_DAjePek1rTA.jpg,72.82,good,unsplash_pose_dataset\unsplash_pose_DAjePek1rTA.jpg,ok
unsplash_pose_lNGfsJhm_-M.jpg,72.82,good,unsplash_pose_dataset\unsplash_pose_lNGfsJhm_-M.jpg,ok
unsplash_pose_jrF8GekXqSk.jpg,72.82,good,unsplash_pose_dataset\unsplash_pose_jrF8GekXqSk.jpg,ok
unsplash_pose_Pv43jmyP92U.jpg,72.81,good,unsplash_pose_dataset\unsplash_pose_Pv43jmyP92U.jpg,ok
unsplash_pose_1lacaFe1gz8.jpg,72.8,good,unsplash_pose_dataset\unsplash_pose_1lacaFe1gz8.jpg,ok
unsplash_pose_7XaK7QDAWk8.jpg,72.76,good,unsplash_pose_dataset\unsplash_pose_7XaK7QDAWk8.jpg,ok
unsplash_pose_0mFtxvLqkMU.jpg,72.76,good,unsplash_pose_dataset\unsplash_pose_0mFtxvLqkMU.jpg,ok
unsplash_pose_02uhVhzmpEU.jpg,72.73,good,unsplash_pose_dataset\unsplash_pose_02uhVhzmpEU.jpg,ok
unsplash_pose_LgnCzxiX5ew.jpg,72.71,good,unsplash_pose_dataset\unsplash_pose_LgnCzxiX5ew.jpg,ok
unsplash_pose_wqyKANHsgjM.jpg,72.65,good,unsplash_pose_dataset\unsplash_pose_wqyKANHsgjM.jpg,ok
unsplash_pose_flBoW2zYyD8.jpg,72.61,good,unsplash_pose_dataset\unsplash_pose_flBoW2zYyD8.jpg,ok
unsplash_pose_Ty4S3omn-lc.jpg,72.59,good,unsplash_pose_dataset\unsplash_pose_Ty4S3omn-lc.jpg,ok
unsplash_pose_t70mzsSiTgE.jpg,72.54,good,unsplash_pose_dataset\unsplash_pose_t70mzsSiTgE.jpg,ok
unsplash_pose_KD24CrLuNxY.jpg,72.54,good,unsplash_pose_dataset\unsplash_pose_KD24CrLuNxY.jpg,ok
unsplash_pose_ycCrMwHqVJo.jpg,72.52,good,unsplash_pose_dataset\unsplash_pose_ycCrMwHqVJo.jpg,ok
unsplash_pose_foiDPgPVPF0.jpg,72.45,good,unsplash_pose_dataset\unsplash_pose_foiDPgPVPF0.jpg,ok
unsplash_pose_tCb5i7I5x-o.jpg,72.45,good,unsplash_pose_dataset\unsplash_pose_tCb5i7I5x-o.jpg,ok
unsplash_pose_9thbK8mLW8w.jpg,72.45,good,unsplash_pose_dataset\unsplash_pose_9thbK8mLW8w.jpg,ok
unsplash_pose_-CJyOFmVbGI.jpg,72.44,good,unsplash_pose_dataset\unsplash_pose_-CJyOFmVbGI.jpg,ok
unsplash_pose_0BScoftQ6to.jpg,72.4,good,unsplash_pose_dataset\unsplash_pose_0BScoftQ6to.jpg,ok
unsplash_pose_UtEJoAPdYHk.jpg,72.37,good,unsplash_pose_dataset\unsplash_pose_UtEJoAPdYHk.jpg,ok
unsplash_pose_fT3e1-T1aWg.jpg,72.31,good,unsplash_pose_dataset\unsplash_pose_fT3e1-T1aWg.jpg,ok
unsplash_pose_BMtDpa21qL8.jpg,72.3,good,unsplash_pose_dataset\unsplash_pose_BMtDpa21qL8.jpg,ok
unsplash_pose_3lzygBzEaJI.jpg,72.28,good,unsplash_pose_dataset\unsplash_pose_3lzygBzEaJI.jpg,ok
unsplash_pose_pZDrhP8sxrA.jpg,72.28,good,unsplash_pose_dataset\unsplash_pose_pZDrhP8sxrA.jpg,ok
unsplash_pose_I-qVte3Gypg.jpg,72.28,good,unsplash_pose_dataset\unsplash_pose_I-qVte3Gypg.jpg,ok
unsplash_pose_zBbMUwq48tw.jpg,72.25,good,unsplash_pose_dataset\unsplash_pose_zBbMUwq48tw.jpg,ok
unsplash_pose_gD8ArMRjqAQ.jpg,72.24,good,unsplash_pose_dataset\unsplash_pose_gD8ArMRjqAQ.jpg,ok
unsplash_pose_F6T2ZN3sUao.jpg,72.21,good,unsplash_pose_dataset\unsplash_pose_F6T2ZN3sUao.jpg,ok
unsplash_pose_autiuOZeA5A.jpg,72.11,good,unsplash_pose_dataset\unsplash_pose_autiuOZeA5A.jpg,ok
unsplash_pose_vTzKeI75h1E.jpg,72.08,good,unsplash_pose_dataset\unsplash_pose_vTzKeI75h1E.jpg,ok
unsplash_pose_sYjDo-U1YOY.jpg,72.0,good,unsplash_pose_dataset\unsplash_pose_sYjDo-U1YOY.jpg,ok
unsplash_pose_R0DLzs1T_gM.jpg,71.96,good,unsplash_pose_dataset\unsplash_pose_R0DLzs1T_gM.jpg,ok
unsplash_pose_6pNDtj5LLSs.jpg,71.96,good,unsplash_pose_dataset\unsplash_pose_6pNDtj5LLSs.jpg,ok
unsplash_pose_bDVQSH2z1FI.jpg,71.95,good,unsplash_pose_dataset\unsplash_pose_bDVQSH2z1FI.jpg,ok
unsplash_pose_HFsj0-17vCI.jpg,71.94,good,unsplash_pose_dataset\unsplash_pose_HFsj0-17vCI.jpg,ok
unsplash_pose_coV1mNdQcbE.jpg,71.91,good,unsplash_pose_dataset\unsplash_pose_coV1mNdQcbE.jpg,ok
unsplash_pose_3cIK8f4YGdg.jpg,71.89,good,unsplash_pose_dataset\unsplash_pose_3cIK8f4YGdg.jpg,ok
unsplash_pose_0P90u0yCPFU.jpg,71.89,good,unsplash_pose_dataset\unsplash_pose_0P90u0yCPFU.jpg,ok
unsplash_pose_yhypwE8RKks.jpg,71.83,good,unsplash_pose_dataset\unsplash_pose_yhypwE8RKks.jpg,ok
unsplash_pose__to293yRjd4.jpg,71.79,good,unsplash_pose_dataset\unsplash_pose__to293yRjd4.jpg,ok
unsplash_pose_Om4LyhJWEaU.jpg,71.76,good,unsplash_pose_dataset\unsplash_pose_Om4LyhJWEaU.jpg,ok
unsplash_pose_KX-Ca2-qkEM.jpg,71.71,good,unsplash_pose_dataset\unsplash_pose_KX-Ca2-qkEM.jpg,ok
unsplash_pose_RKRCNuXuQFY.jpg,71.68,good,unsplash_pose_dataset\unsplash_pose_RKRCNuXuQFY.jpg,ok
unsplash_pose_hyGmftOOqn8.jpg,71.67,good,unsplash_pose_dataset\unsplash_pose_hyGmftOOqn8.jpg,ok
unsplash_pose_jvqoaysFUNs.jpg,71.61,good,unsplash_pose_dataset\unsplash_pose_jvqoaysFUNs.jpg,ok
unsplash_pose_1UrzIfwj84I.jpg,71.58,good,unsplash_pose_dataset\unsplash_pose_1UrzIfwj84I.jpg,ok
unsplash_pose_mYHoBtRaIwY.jpg,71.58,good,unsplash_pose_dataset\unsplash_pose_mYHoBtRaIwY.jpg,ok
unsplash_pose_J6hPpanoRE8.jpg,71.37,good,unsplash_pose_dataset\unsplash_pose_J6hPpanoRE8.jpg,ok
unsplash_pose_KHd5707JEgg.jpg,71.36,good,unsplash_pose_dataset\unsplash_pose_KHd5707JEgg.jpg,ok
unsplash_pose_fjjogXmBzJs.jpg,71.35,good,unsplash_pose_dataset\unsplash_pose_fjjogXmBzJs.jpg,ok
unsplash_pose_hCMm4NRK5WE.jpg,71.31,good,unsplash_pose_dataset\unsplash_pose_hCMm4NRK5WE.jpg,ok
unsplash_pose_znbCV1MIlM0.jpg,71.28,good,unsplash_pose_dataset\unsplash_pose_znbCV1MIlM0.jpg,ok
unsplash_pose_bN8Btu6cfDM.jpg,71.27,good,unsplash_pose_dataset\unsplash_pose_bN8Btu6cfDM.jpg,ok
unsplash_pose_flmBP2w_ZxY.jpg,71.27,good,unsplash_pose_dataset\unsplash_pose_flmBP2w_ZxY.jpg,ok
unsplash_pose_ACpW5Db1cd4.jpg,71.24,good,unsplash_pose_dataset\unsplash_pose_ACpW5Db1cd4.jpg,ok
unsplash_pose_UJlPhr1uRNQ.jpg,71.21,good,unsplash_pose_dataset\unsplash_pose_UJlPhr1uRNQ.jpg,ok
unsplash_pose_f9NUGVm8kyI.jpg,71.17,good,unsplash_pose_dataset\unsplash_pose_f9NUGVm8kyI.jpg,ok
unsplash_pose_G5ebQsczj-4.jpg,71.12,good,unsplash_pose_dataset\unsplash_pose_G5ebQsczj-4.jpg,ok
unsplash_pose_d-NZnHJXBQs.jpg,71.1,good,unsplash_pose_dataset\unsplash_pose_d-NZnHJXBQs.jpg,ok
unsplash_pose_d1QqoRWb7g8.jpg,71.09,good,unsplash_pose_dataset\unsplash_pose_d1QqoRWb7g8.jpg,ok
unsplash_pose_KHoEw5XwY_c.jpg,71.05,good,unsplash_pose_dataset\unsplash_pose_KHoEw5XwY_c.jpg,ok
unsplash_pose_22b7fCAPbC0.jpg,71.02,good,unsplash_pose_dataset\unsplash_pose_22b7fCAPbC0.jpg,ok
unsplash_pose_rm0y_uAHXt8.jpg,70.96,good,unsplash_pose_dataset\unsplash_pose_rm0y_uAHXt8.jpg,ok
unsplash_pose_cGqwT6vv0EM.jpg,70.95,good,unsplash_pose_dataset\unsplash_pose_cGqwT6vv0EM.jpg,ok
unsplash_pose_NG3RvvexcWk.jpg,70.87,good,unsplash_pose_dataset\unsplash_pose_NG3RvvexcWk.jpg,ok
unsplash_pose_yCws4DkRJhs.jpg,70.85,good,unsplash_pose_dataset\unsplash_pose_yCws4DkRJhs.jpg,ok
unsplash_pose_japFsPPlwtc.jpg,70.84,good,unsplash_pose_dataset\unsplash_pose_japFsPPlwtc.jpg,ok
unsplash_pose_-qxc8Rf9GE4.jpg,70.84,good,unsplash_pose_dataset\unsplash_pose_-qxc8Rf9GE4.jpg,ok
unsplash_pose_QCpsid3NiPU.jpg,70.84,good,unsplash_pose_dataset\unsplash_pose_QCpsid3NiPU.jpg,ok
unsplash_pose_wP0fUgoziPA.jpg,70.82,good,unsplash_pose_dataset\unsplash_pose_wP0fUgoziPA.jpg,ok
unsplash_pose_TlWw5PoUmZc.jpg,70.79,good,unsplash_pose_dataset\unsplash_pose_TlWw5PoUmZc.jpg,ok
unsplash_pose_WVrCUZfz-nw.jpg,70.74,good,unsplash_pose_dataset\unsplash_pose_WVrCUZfz-nw.jpg,ok
unsplash_pose_b7213brZyRA.jpg,70.73,good,unsplash_pose_dataset\unsplash_pose_b7213brZyRA.jpg,ok
unsplash_pose_Ye7HTrKAjus.jpg,70.71,good,unsplash_pose_dataset\unsplash_pose_Ye7HTrKAjus.jpg,ok
unsplash_pose_ie-hT0aUxFs.jpg,70.68,good,unsplash_pose_dataset\unsplash_pose_ie-hT0aUxFs.jpg,ok
unsplash_pose_IL6ZQPJNsVE.jpg,70.67,good,unsplash_pose_dataset\unsplash_pose_IL6ZQPJNsVE.jpg,ok
unsplash_pose_VTtGH7ijQLk.jpg,70.6,good,unsplash_pose_dataset\unsplash_pose_VTtGH7ijQLk.jpg,ok
unsplash_pose_OFGe1e7-5hw.jpg,70.57,good,unsplash_pose_dataset\unsplash_pose_OFGe1e7-5hw.jpg,ok
unsplash_pose_73V1gEijbJ4.jpg,70.52,good,unsplash_pose_dataset\unsplash_pose_73V1gEijbJ4.jpg,ok
unsplash_pose_m_CeNGJolv0.jpg,70.42,good,unsplash_pose_dataset\unsplash_pose_m_CeNGJolv0.jpg,ok
unsplash_pose_eV7QS5Azq4Y.jpg,70.41,good,unsplash_pose_dataset\unsplash_pose_eV7QS5Azq4Y.jpg,ok
unsplash_pose_TlceF7BrHOs.jpg,70.39,good,unsplash_pose_dataset\unsplash_pose_TlceF7BrHOs.jpg,ok
unsplash_pose_UEPaL8Nyi0Y.jpg,70.33,good,unsplash_pose_dataset\unsplash_pose_UEPaL8Nyi0Y.jpg,ok
unsplash_pose_zj3GjVWzCIE.jpg,70.27,good,unsplash_pose_dataset\unsplash_pose_zj3GjVWzCIE.jpg,ok
unsplash_pose_rivtZLm2WXY.jpg,70.23,good,unsplash_pose_dataset\unsplash_pose_rivtZLm2WXY.jpg,ok
unsplash_pose_B7kv2psMdnk.jpg,70.04,good,unsplash_pose_dataset\unsplash_pose_B7kv2psMdnk.jpg,ok
unsplash_pose_0Y--4B_HS_I.jpg,69.93,average,unsplash_pose_dataset\unsplash_pose_0Y--4B_HS_I.jpg,ok
unsplash_pose_62ZUxdBTQT4.jpg,69.93,average,unsplash_pose_dataset\unsplash_pose_62ZUxdBTQT4.jpg,ok
unsplash_pose_jxftME0xU68.jpg,69.9,average,unsplash_pose_dataset\unsplash_pose_jxftME0xU68.jpg,ok
unsplash_pose_eMeTfDfnosA.jpg,69.87,average,unsplash_pose_dataset\unsplash_pose_eMeTfDfnosA.jpg,ok
unsplash_pose_ENCCKojAFkM.jpg,69.84,average,unsplash_pose_dataset\unsplash_pose_ENCCKojAFkM.jpg,ok
unsplash_pose_TyIY9uBch8o.jpg,69.8,average,unsplash_pose_dataset\unsplash_pose_TyIY9uBch8o.jpg,ok
unsplash_pose_Z1LhQQ2Rkhc.jpg,69.79,average,unsplash_pose_dataset\unsplash_pose_Z1LhQQ2Rkhc.jpg,ok
unsplash_pose_6ZDgMABwotw.jpg,69.79,average,unsplash_pose_dataset\unsplash_pose_6ZDgMABwotw.jpg,ok
unsplash_pose_p8I1h5WRQhc.jpg,69.77,average,unsplash_pose_dataset\unsplash_pose_p8I1h5WRQhc.jpg,ok
unsplash_pose_CUsjFNhgoiM.jpg,69.74,average,unsplash_pose_dataset\unsplash_pose_CUsjFNhgoiM.jpg,ok
unsplash_pose_skUWW81OBeY.jpg,69.74,average,unsplash_pose_dataset\unsplash_pose_skUWW81OBeY.jpg,ok
unsplash_pose_hWGxr9xxFWE.jpg,69.73,average,unsplash_pose_dataset\unsplash_pose_hWGxr9xxFWE.jpg,ok
unsplash_pose_WFJD9XFAwyw.jpg,69.59,average,unsplash_pose_dataset\unsplash_pose_WFJD9XFAwyw.jpg,ok
unsplash_pose_GelZAhGw8-4.jpg,69.57,average,unsplash_pose_dataset\unsplash_pose_GelZAhGw8-4.jpg,ok
unsplash_pose_9GqMLuNFWCw.jpg,69.5,average,unsplash_pose_dataset\unsplash_pose_9GqMLuNFWCw.jpg,ok
unsplash_pose_9FNy1iltU68.jpg,69.48,average,unsplash_pose_dataset\unsplash_pose_9FNy1iltU68.jpg,ok
unsplash_pose_WhXopzqwyjA.jpg,69.39,average,unsplash_pose_dataset\unsplash_pose_WhXopzqwyjA.jpg,ok
unsplash_pose_MHNiD6YmT5U.jpg,69.27,average,unsplash_pose_dataset\unsplash_pose_MHNiD6YmT5U.jpg,ok
unsplash_pose_VGLImIsgs9A.jpg,69.18,average,unsplash_pose_dataset\unsplash_pose_VGLImIsgs9A.jpg,ok
unsplash_pose_BR2OACIkyDw.jpg,69.16,average,unsplash_pose_dataset\unsplash_pose_BR2OACIkyDw.jpg,ok
unsplash_pose_h7H4XkfETKM.jpg,69.14,average,unsplash_pose_dataset\unsplash_pose_h7H4XkfETKM.jpg,ok
unsplash_pose_gNiHPV4d-OE.jpg,69.13,average,unsplash_pose_dataset\unsplash_pose_gNiHPV4d-OE.jpg,ok
unsplash_pose_9FLESDdOZ5c.jpg,69.12,average,unsplash_pose_dataset\unsplash_pose_9FLESDdOZ5c.jpg,ok
unsplash_pose_Vaix21I2g3s.jpg,69.07,average,unsplash_pose_dataset\unsplash_pose_Vaix21I2g3s.jpg,ok
unsplash_pose_NnshFEOdljI.jpg,68.99,average,unsplash_pose_dataset\unsplash_pose_NnshFEOdljI.jpg,ok
unsplash_pose_GNs38Lvwr5Q.jpg,68.81,average,unsplash_pose_dataset\unsplash_pose_GNs38Lvwr5Q.jpg,ok
unsplash_pose_L6fjbL0GJxk.jpg,68.79,average,unsplash_pose_dataset\unsplash_pose_L6fjbL0GJxk.jpg,ok
unsplash_pose_emMix1krm20.jpg,68.79,average,unsplash_pose_dataset\unsplash_pose_emMix1krm20.jpg,ok
unsplash_pose_XUBk4G461hM.jpg,68.71,average,unsplash_pose_dataset\unsplash_pose_XUBk4G461hM.jpg,ok
unsplash_pose_juOk2RMQf5o.jpg,68.66,average,unsplash_pose_dataset\unsplash_pose_juOk2RMQf5o.jpg,ok
unsplash_pose_K-wYdArbtAc.jpg,68.66,average,unsplash_pose_dataset\unsplash_pose_K-wYdArbtAc.jpg,ok
unsplash_pose_T5CS8UgpKtA.jpg,68.39,average,unsplash_pose_dataset\unsplash_pose_T5CS8UgpKtA.jpg,ok
unsplash_pose_-xPNj3ntaV8.jpg,68.34,average,unsplash_pose_dataset\unsplash_pose_-xPNj3ntaV8.jpg,ok
unsplash_pose_Yy94_C4XP8Q.jpg,68.29,average,unsplash_pose_dataset\unsplash_pose_Yy94_C4XP8Q.jpg,ok
unsplash_pose_S9r-BAhB_qU.jpg,68.28,average,unsplash_pose_dataset\unsplash_pose_S9r-BAhB_qU.jpg,ok
unsplash_pose_6Of8EFvm7fc.jpg,68.26,average,unsplash_pose_dataset\unsplash_pose_6Of8EFvm7fc.jpg,ok
unsplash_pose_rrP2k00-FmY.jpg,68.17,average,unsplash_pose_dataset\unsplash_pose_rrP2k00-FmY.jpg,ok
unsplash_pose_vZTkWQyGgEE.jpg,68.13,average,unsplash_pose_dataset\unsplash_pose_vZTkWQyGgEE.jpg,ok
unsplash_pose_hXvIDlGF8E8.jpg,68.09,average,unsplash_pose_dataset\unsplash_pose_hXvIDlGF8E8.jpg,ok
unsplash_pose_W5XT2_R6Lb0.jpg,68.09,average,unsplash_pose_dataset\unsplash_pose_W5XT2_R6Lb0.jpg,ok
unsplash_pose_KgSx3dL1Kj8.jpg,68.09,average,unsplash_pose_dataset\unsplash_pose_KgSx3dL1Kj8.jpg,ok
unsplash_pose_OKkydI85BN0.jpg,68.09,average,unsplash_pose_dataset\unsplash_pose_OKkydI85BN0.jpg,ok
unsplash_pose_BGscx395SiQ.jpg,68.03,average,unsplash_pose_dataset\unsplash_pose_BGscx395SiQ.jpg,ok
unsplash_pose_DgH5PIy9oLE.jpg,68.0,average,unsplash_pose_dataset\unsplash_pose_DgH5PIy9oLE.jpg,ok
unsplash_pose_g5tvZdOK0EM.jpg,67.8,average,unsplash_pose_dataset\unsplash_pose_g5tvZdOK0EM.jpg,ok
unsplash_pose_1jrA9DOy4TE.jpg,67.7,average,unsplash_pose_dataset\unsplash_pose_1jrA9DOy4TE.jpg,ok
unsplash_pose_UfNGkUWodeU.jpg,67.7,average,unsplash_pose_dataset\unsplash_pose_UfNGkUWodeU.jpg,ok
unsplash_pose_RpJULY4wxWU.jpg,67.47,average,unsplash_pose_dataset\unsplash_pose_RpJULY4wxWU.jpg,ok
unsplash_pose_bdYHdLWpG9Q.jpg,67.43,average,unsplash_pose_dataset\unsplash_pose_bdYHdLWpG9Q.jpg,ok
unsplash_pose_VsPvEHV-zTY.jpg,67.39,average,unsplash_pose_dataset\unsplash_pose_VsPvEHV-zTY.jpg,ok
unsplash_pose_4MXW06J_wP0.jpg,67.39,average,unsplash_pose_dataset\unsplash_pose_4MXW06J_wP0.jpg,ok
unsplash_pose_n8b_xrzWwAQ.jpg,67.39,average,unsplash_pose_dataset\unsplash_pose_n8b_xrzWwAQ.jpg,ok
unsplash_pose_egJZ7JzE8L0.jpg,67.38,average,unsplash_pose_dataset\unsplash_pose_egJZ7JzE8L0.jpg,ok
unsplash_pose_WWln6f7HSrM.jpg,67.26,average,unsplash_pose_dataset\unsplash_pose_WWln6f7HSrM.jpg,ok
unsplash_pose_ZiGCls2h--o.jpg,67.21,average,unsplash_pose_dataset\unsplash_pose_ZiGCls2h--o.jpg,ok
unsplash_pose_xPXRVAhGNRM.jpg,67.19,average,unsplash_pose_dataset\unsplash_pose_xPXRVAhGNRM.jpg,ok
unsplash_pose_Ba-2S2MpZd4.jpg,67.18,average,unsplash_pose_dataset\unsplash_pose_Ba-2S2MpZd4.jpg,ok
unsplash_pose_YkAMHj_4wT8.jpg,67.14,average,unsplash_pose_dataset\unsplash_pose_YkAMHj_4wT8.jpg,ok
unsplash_pose_SXzBeFtkxb4.jpg,67.12,average,unsplash_pose_dataset\unsplash_pose_SXzBeFtkxb4.jpg,ok
unsplash_pose_dMqXtzzPQqo.jpg,67.1,average,unsplash_pose_dataset\unsplash_pose_dMqXtzzPQqo.jpg,ok
unsplash_pose_82G6bobViBg.jpg,67.06,average,unsplash_pose_dataset\unsplash_pose_82G6bobViBg.jpg,ok
unsplash_pose_kSs_cTh_TRE.jpg,67.05,average,unsplash_pose_dataset\unsplash_pose_kSs_cTh_TRE.jpg,ok
unsplash_pose_8yUcOJsVhTQ.jpg,67.01,average,unsplash_pose_dataset\unsplash_pose_8yUcOJsVhTQ.jpg,ok
unsplash_pose_cC3fPbUL69w.jpg,66.91,average,unsplash_pose_dataset\unsplash_pose_cC3fPbUL69w.jpg,ok
unsplash_pose_xX2eTSx7Z1k.jpg,66.91,average,unsplash_pose_dataset\unsplash_pose_xX2eTSx7Z1k.jpg,ok
unsplash_pose_s5IM45Gz_ME.jpg,66.67,average,unsplash_pose_dataset\unsplash_pose_s5IM45Gz_ME.jpg,ok
unsplash_pose_IA15Uy_8-Jo.jpg,66.42,average,unsplash_pose_dataset\unsplash_pose_IA15Uy_8-Jo.jpg,ok
unsplash_pose_cFxOfki6MOI.jpg,66.39,average,unsplash_pose_dataset\unsplash_pose_cFxOfki6MOI.jpg,ok
unsplash_pose_4sYDUP2kPSA.jpg,66.38,average,unsplash_pose_dataset\unsplash_pose_4sYDUP2kPSA.jpg,ok
unsplash_pose_y4159be_SSA.jpg,66.34,average,unsplash_pose_dataset\unsplash_pose_y4159be_SSA.jpg,ok
unsplash_pose_sRO0aYl4n_Q.jpg,66.31,average,unsplash_pose_dataset\unsplash_pose_sRO0aYl4n_Q.jpg,ok
unsplash_pose_kA5H_ixTjrs.jpg,66.22,average,unsplash_pose_dataset\unsplash_pose_kA5H_ixTjrs.jpg,ok
unsplash_pose_6TgpMfM6lIQ.jpg,65.89,average,unsplash_pose_dataset\unsplash_pose_6TgpMfM6lIQ.jpg,ok
unsplash_pose_fF2vlzDaWqc.jpg,65.78,average,unsplash_pose_dataset\unsplash_pose_fF2vlzDaWqc.jpg,ok
unsplash_pose_0e0fB6sZEAA.jpg,65.65,average,unsplash_pose_dataset\unsplash_pose_0e0fB6sZEAA.jpg,ok
unsplash_pose_Hr7UhZHqeX8.jpg,65.5,average,unsplash_pose_dataset\unsplash_pose_Hr7UhZHqeX8.jpg,ok
unsplash_pose_DYpSkOktfWA.jpg,65.26,average,unsplash_pose_dataset\unsplash_pose_DYpSkOktfWA.jpg,ok
unsplash_pose_txq775ibSoU.jpg,65.17,average,unsplash_pose_dataset\unsplash_pose_txq775ibSoU.jpg,ok
unsplash_pose_bdlEdoCaCaQ.jpg,64.81,average,unsplash_pose_dataset\unsplash_pose_bdlEdoCaCaQ.jpg,ok
unsplash_pose_yauY7CQqNH8.jpg,64.7,average,unsplash_pose_dataset\unsplash_pose_yauY7CQqNH8.jpg,ok
unsplash_pose_IB3f_cBusKQ.jpg,64.52,average,unsplash_pose_dataset\unsplash_pose_IB3f_cBusKQ.jpg,ok
unsplash_pose_kiR9qs1Aj3g.jpg,64.01,average,unsplash_pose_dataset\unsplash_pose_kiR9qs1Aj3g.jpg,ok
unsplash_pose_nKw27ja4dSk.jpg,63.99,average,unsplash_pose_dataset\unsplash_pose_nKw27ja4dSk.jpg,ok
unsplash_pose_PqdshXYQ0hQ.jpg,63.85,average,unsplash_pose_dataset\unsplash_pose_PqdshXYQ0hQ.jpg,ok
unsplash_pose_GI6DH-Adtwg.jpg,63.5,average,unsplash_pose_dataset\unsplash_pose_GI6DH-Adtwg.jpg,ok
unsplash_pose_T-q2QLhRFnY.jpg,63.13,average,unsplash_pose_dataset\unsplash_pose_T-q2QLhRFnY.jpg,ok
unsplash_pose_2y1r7OcE0uk.jpg,62.91,average,unsplash_pose_dataset\unsplash_pose_2y1r7OcE0uk.jpg,ok
unsplash_pose_8cKffe1_4JA.jpg,62.88,average,unsplash_pose_dataset\unsplash_pose_8cKffe1_4JA.jpg,ok
unsplash_pose_8ZLJaXp8Yvo.jpg,62.75,average,unsplash_pose_dataset\unsplash_pose_8ZLJaXp8Yvo.jpg,ok
unsplash_pose_RdY2pnkNtjw.jpg,62.66,average,unsplash_pose_dataset\unsplash_pose_RdY2pnkNtjw.jpg,ok
unsplash_pose_zENdoMS6oqc.jpg,62.58,average,unsplash_pose_dataset\unsplash_pose_zENdoMS6oqc.jpg,ok
unsplash_pose_G0oRmxcf438.jpg,62.37,average,unsplash_pose_dataset\unsplash_pose_G0oRmxcf438.jpg,ok
unsplash_pose_8AGHlJcfe-4.jpg,62.33,average,unsplash_pose_dataset\unsplash_pose_8AGHlJcfe-4.jpg,ok
unsplash_pose_pVUsUOeNU9M.jpg,62.14,average,unsplash_pose_dataset\unsplash_pose_pVUsUOeNU9M.jpg,ok
unsplash_pose_8qTZurK_YyI.jpg,61.92,average,unsplash_pose_dataset\unsplash_pose_8qTZurK_YyI.jpg,ok
unsplash_pose__0smPpUjQZI.jpg,61.77,average,unsplash_pose_dataset\unsplash_pose__0smPpUjQZI.jpg,ok
unsplash_pose_7IrcLXrt5eM.jpg,61.76,average,unsplash_pose_dataset\unsplash_pose_7IrcLXrt5eM.jpg,ok
unsplash_pose_hQxjhjbQfY0.jpg,61.52,average,unsplash_pose_dataset\unsplash_pose_hQxjhjbQfY0.jpg,ok
unsplash_pose_AdDFyXX1zSo.jpg,61.44,average,unsplash_pose_dataset\unsplash_pose_AdDFyXX1zSo.jpg,ok
unsplash_pose_3LRQTzw-m90.jpg,61.29,average,unsplash_pose_dataset\unsplash_pose_3LRQTzw-m90.jpg,ok
unsplash_pose_9x3RLaFeLns.jpg,60.79,average,unsplash_pose_dataset\unsplash_pose_9x3RLaFeLns.jpg,ok
unsplash_pose_Lwo0dDFkc94.jpg,60.58,average,unsplash_pose_dataset\unsplash_pose_Lwo0dDFkc94.jpg,ok
unsplash_pose_xTaDUjx6AI4.jpg,60.04,average,unsplash_pose_dataset\unsplash_pose_xTaDUjx6AI4.jpg,ok
unsplash_pose_Av4gNsllkyU.jpg,59.85,average,unsplash_pose_dataset\unsplash_pose_Av4gNsllkyU.jpg,ok
unsplash_pose_JdMBETsB0oc.jpg,59.67,average,unsplash_pose_dataset\unsplash_pose_JdMBETsB0oc.jpg,ok
unsplash_pose_WXoCpasOPuo.jpg,58.98,average,unsplash_pose_dataset\unsplash_pose_WXoCpasOPuo.jpg,ok
unsplash_pose_HEJy-o65TNk.jpg,57.32,average,unsplash_pose_dataset\unsplash_pose_HEJy-o65TNk.jpg,ok
unsplash_pose_htDU1hQd8rg.jpg,57.07,average,unsplash_pose_dataset\unsplash_pose_htDU1hQd8rg.jpg,ok
unsplash_pose_dLCYWCvNqd0.jpg,0.0,poor,unsplash_pose_dataset\unsplash_pose_dLCYWCvNqd0.jpg,no_pose_detected
unsplash_pose_EQEyosRYjEY.jpg,0.0,poor,unsplash_pose_dataset\unsplash_pose_EQEyosRYjEY.jpg,no_pose_detected
unsplash_pose_zxKtI5YGwDI.jpg,0.0,poor,unsplash_pose_dataset\unsplash_pose_zxKtI5YGwDI.jpg,no_pose_detected
unsplash_pose_boXsYkp5AGE.jpg,0.0,poor,unsplash_pose_dataset\unsplash_pose_boXsYkp5AGE.jpg,no_pose_detected
unsplash_pose_7BRLaVf1WMo.jpg,0.0,poor,unsplash_pose_dataset\unsplash_pose_7BRLaVf1WMo.jpg,no_pose_detected
unsplash_pose_6oTvYAsbclM.jpg,0.0,poor,unsplash_pose_dataset\unsplash_pose_6oTvYAsbclM.jpg,no_pose_detected
unsplash_pose_UoSBugW7H5A.jpg,0.0,poor,unsplash_pose_dataset\unsplash_pose_UoSBugW7H5A.jpg,no_pose_detected
unsplash_pose_hkfG6feLUfg.jpg,0.0,poor,unsplash_pose_dataset\unsplash_pose_hkfG6feLUfg.jpg,no_pose_detected
unsplash_pose_IqDN1FsIoKA.jpg,0.0,poor,unsplash_pose_dataset\unsplash_pose_IqDN1FsIoKA.jpg,no_pose_detected
